month,intercept,slope,R2,N,date
1963-06,0.11328249577396363,1.0225937915243575,0.9036764052995435,932.0,1963-06-30
1963-07,-0.02897941553294822,0.8449496847907737,0.8979839281765477,931.0,1963-07-31
1963-08,-0.0213205728408232,0.8840258083947053,0.8932146815344889,1606.0,1963-08-31
1963-09,0.09025561889301284,0.9644404896679634,0.9204040352102799,1616.0,1963-09-30
1963-10,0.06389946876544048,0.9310074273394162,0.9249167944902985,1622.0,1963-10-31
1963-11,-0.08663298646816114,0.7921042366736526,0.8922948947983406,1625.0,1963-11-30
1963-12,0.03649864177016643,0.9895271952568315,0.9268222041767014,1616.0,1963-12-31
1964-01,-0.061470186733035156,0.786826782189435,0.9020061418193072,1608.0,1964-01-31
1964-02,0.024058138097841006,0.9425038723363837,0.939069522940591,1612.0,1964-02-29
1964-03,-0.00032458788882008816,0.907212829337429,0.9429520168367772,1597.0,1964-03-31
1964-04,-0.010365288260395705,0.8477693091960805,0.9078053993073768,1601.0,1964-04-30
1964-05,-0.018241350446984522,0.8451836537776731,0.8959196681894154,1605.0,1964-05-31
1964-06,0.014346840945747272,1.0095737555780229,0.9191785496565739,1609.0,1964-06-30
1964-07,0.025190398666959116,0.8729964300165649,0.9379235556335221,1607.0,1964-07-31
1964-08,-0.03129424545552997,0.8952863880059172,0.9215685799400878,1610.0,1964-08-31
1964-09,0.0218667273875396,0.9376617662987008,0.9124746563385717,1612.0,1964-09-30
1964-10,-0.003480868388673064,0.9344628213388232,0.9289748046636143,1619.0,1964-10-31
1964-11,0.028713606042207768,0.9495390505143302,0.9355779893327836,1626.0,1964-11-30
1964-12,0.012985312733466148,0.9827920065361299,0.9233897387845791,1634.0,1964-12-31
1965-01,-0.002011290424687756,0.7798428563656418,0.8777145238626176,1649.0,1965-01-31
1965-02,-0.008939861040636293,0.9058860634006799,0.925668388470109,1657.0,1965-02-28
1965-03,-0.00686833840226353,0.8926633053845919,0.8942754664900326,1665.0,1965-03-31
1965-04,0.035430878089504736,0.8489350088740996,0.8676463491768367,1665.0,1965-04-30
1965-05,0.014594116589183304,0.9158780212359975,0.9292824421024425,1675.0,1965-05-31
1965-06,0.014212411243569062,0.8858601301150019,0.9071819923569765,1682.0,1965-06-30
1965-07,-0.017094601259973724,0.8964539698029518,0.9207350765118729,1689.0,1965-07-31
1965-08,0.019573270381697122,0.9079027967927137,0.9103503433347634,1698.0,1965-08-31
1965-09,-0.01746285077202528,0.8702138333504063,0.8932952009363683,1693.0,1965-09-30
1965-10,-0.0010552388586289596,0.8736029427077794,0.9207890702369006,1698.0,1965-10-31
1965-11,0.010705412853882934,0.9676253378869099,0.9463878861685568,1698.0,1965-11-30
1965-12,0.020100678805398065,1.0132504704091723,0.9389319716420149,1697.0,1965-12-31
1966-01,-0.0399500419575432,0.8459542393784032,0.9433282498535137,1681.0,1966-01-31
1966-02,0.0006432513370182025,0.8705244535461177,0.9406646829233014,1679.0,1966-02-28
1966-03,0.04091374496065503,0.8265450381766559,0.9415416935482905,1691.0,1966-03-31
1966-04,-0.014759710831071804,0.8684483011426716,0.9247832127183033,1688.0,1966-04-30
1966-05,0.033298048494841914,0.91511052703585,0.9476314085420587,1681.0,1966-05-31
1966-06,0.0939776101899017,1.1435475740478265,0.9640205555239004,1680.0,1966-06-30
1966-07,0.0007139280879921439,0.8721555411764261,0.9614785867424548,1687.0,1966-07-31
1966-08,-0.007775210220216128,0.8335567748608174,0.9143964824121088,1691.0,1966-08-31
1966-09,-0.02046232208006596,0.8700114726566676,0.9304970128875509,1700.0,1966-09-30
1966-10,-0.056041416503676215,0.7645928952489413,0.8803373182877484,1701.0,1966-10-31
1966-11,-0.055098604780649395,0.8110007525646602,0.847776346124013,1703.0,1966-11-30
1966-12,-0.050800929340207544,0.814995691850578,0.8549704328812416,1704.0,1966-12-31
1967-01,-0.0723248282872014,0.8140104508103504,0.8799272901484759,1722.0,1967-01-31
1967-02,-0.029402987101700494,0.8554480192034484,0.8590524151867818,1728.0,1967-02-28
1967-03,0.019465951304084135,0.8815110419336717,0.8531190089730963,1727.0,1967-03-31
1967-04,-0.03425717164519647,0.7935812557143145,0.8734406487893487,1725.0,1967-04-30
1967-05,0.11087729976153902,1.032265682003402,0.9254184723930956,1725.0,1967-05-31
1967-06,0.01722868807898134,0.9323806575238788,0.9447373110284397,1732.0,1967-06-30
1967-07,0.03036329297738488,0.9805017420141839,0.9554087088125491,1724.0,1967-07-31
1967-08,0.11638343468765944,1.125801947751004,0.9460229330478946,1734.0,1967-08-31
1967-09,0.030232435759456888,1.0193987223895944,0.958367302853206,1733.0,1967-09-30
1967-10,0.025705594220883365,1.047772388817019,0.9508434033760759,1730.0,1967-10-31
1967-11,-0.0002901386071489931,0.9080079072622383,0.9365891016128348,1726.0,1967-11-30
1967-12,0.006964684697784662,0.9628612610617608,0.9351716645507501,1720.0,1967-12-31
1968-01,-0.047403410804381485,0.7062445961762447,0.956595983212586,1708.0,1968-01-31
1968-02,0.023014042315571026,0.82688300762471,0.9199077610838577,1702.0,1968-02-29
1968-03,0.006344782848044239,0.7807521942247357,0.9019603609087086,1703.0,1968-03-31
1968-04,-0.011396169096675901,0.8537433307938083,0.9150396858689686,1697.0,1968-04-30
1968-05,0.041594004015719055,0.9271255910925954,0.9311837357495649,1697.0,1968-05-31
1968-06,0.0021729455630012384,0.763582659874242,0.8975288714130109,1690.0,1968-06-30
1968-07,-0.01855256125675009,0.7878744248829836,0.8978258604706268,1687.0,1968-07-31
1968-08,0.01674393884326858,0.9344030757515719,0.929904323895664,1691.0,1968-08-31
1968-09,-0.013723976370592472,0.782093252559648,0.905291802530201,1694.0,1968-09-30
1968-10,0.060023333451182936,0.9139883758255344,0.9200319773414912,1697.0,1968-10-31
1968-11,0.006005363119568341,0.9978106938427134,0.9281817303547095,1701.0,1968-11-30
1968-12,-0.029946499022314388,0.8366818292878679,0.9208632577333468,1702.0,1968-12-31
1969-01,0.06469399131511544,0.7540639296971794,0.8820171126495562,1702.0,1969-01-31
1969-02,0.08708168637548624,1.008265925693959,0.9322547595786916,1707.0,1969-02-28
1969-03,0.03008375931952273,0.9532181901972665,0.9379259205251402,1707.0,1969-03-31
1969-04,-0.08951244120088178,0.7468222183265754,0.888060419097038,1709.0,1969-04-30
1969-05,-0.058767325617029645,0.7569745303987148,0.8694806793415514,1709.0,1969-05-31
1969-06,3.4048358396251976e-05,0.903351668732257,0.9116486466993047,1716.0,1969-06-30
1969-07,0.027617865442818842,0.8945355844608246,0.9210101333298656,1719.0,1969-07-31
1969-08,-0.04604149873735383,0.8746375298941131,0.9205248748621161,1722.0,1969-08-31
1969-09,-0.07415321883885165,0.8561366762758074,0.9226772986869591,1725.0,1969-09-30
1969-10,-0.020940505361580902,0.9104155776418974,0.9245680445531289,1733.0,1969-10-31
1969-11,-0.06867363611201616,0.8863001398994913,0.9232254834156043,1739.0,1969-11-30
1969-12,-0.016739226210893354,0.9302537112752356,0.910261284246386,1743.0,1969-12-31
1970-01,-0.0027633942844836057,0.9641581153618065,0.9539948264472486,1751.0,1970-01-31
1970-02,0.07509480197857507,1.0296992824936908,0.9653264338747164,1762.0,1970-02-28
1970-03,-0.03591935453312295,0.9101539141326008,0.9516025729090295,1778.0,1970-03-31
1970-04,-0.03226589218054157,0.8761258818362235,0.9391171403804215,1792.0,1970-04-30
1970-05,-0.028801834828851958,0.927679253878653,0.939243253604059,1796.0,1970-05-31
1970-06,0.0730352415428494,1.0021388026299443,0.9449323872900013,1802.0,1970-06-30
1970-07,0.057548241999119565,0.9845517244862779,0.9414863185206401,1805.0,1970-07-31
1970-08,-0.062380208671540316,0.9079924750503691,0.9510505218763541,1819.0,1970-08-31
1970-09,6.768550867747303e-05,0.9385190385721482,0.9211530191057294,1837.0,1970-09-30
1970-10,-0.09379239536624526,0.8571963043349953,0.8817395713522136,1851.0,1970-10-31
1970-11,0.030614602768884946,0.971154611835841,0.946044218122823,1853.0,1970-11-30
1970-12,0.044484928779674,0.9634691397268241,0.9170255320888442,1853.0,1970-12-31
1971-01,0.03399715740568249,0.9627639995751791,0.9047729809453577,1857.0,1971-01-31
1971-02,-0.03247352963424428,0.8922017007949734,0.9089255197158459,1868.0,1971-02-28
1971-03,0.02916251211512752,0.917980222766239,0.9196069957146503,1878.0,1971-03-31
1971-04,0.21744019598288633,1.0954655848083572,0.8703116257709628,1883.0,1971-04-30
1971-05,0.14650874579607404,1.0011371325722664,0.8866980426436529,1879.0,1971-05-31
1971-06,0.13281793867568686,0.9931638825141719,0.8603540036261648,1886.0,1971-06-30
1971-07,0.013669010437351747,0.8187931690652441,0.8812986107144597,1892.0,1971-07-31
1971-08,-0.022244663659407138,0.8496358889594511,0.8959223334408077,1900.0,1971-08-31
1971-09,-0.08771692287422772,0.8174217855993613,0.8836559432317735,1905.0,1971-09-30
1971-10,0.09098271686796433,0.939221384521255,0.898913079133997,1916.0,1971-10-31
1971-11,0.021312624499784993,0.9103372379770025,0.9198975336657175,1923.0,1971-11-30
1971-12,-0.06398235186049672,0.8264032608903552,0.9150020315588763,1931.0,1971-12-31
1972-01,-0.1047451202756089,0.8031604642758781,0.8876350624872245,1929.0,1972-01-31
1972-02,-0.037223248830612385,0.8842155145273113,0.9185689007289806,1937.0,1972-02-29
1972-03,-0.03605631421896721,0.8164321323662708,0.9018088910821982,1937.0,1972-03-31
1972-04,-0.02200830086942475,0.8678597179663126,0.897828440854118,1938.0,1972-04-30
1972-05,0.05850624450704915,0.9740440021447396,0.9340239995925214,1946.0,1972-05-31
1972-06,0.028198692190366123,0.9434191998515632,0.9331866074644545,1951.0,1972-06-30
1972-07,0.06974886656329936,1.011116245207462,0.9468987215877871,1953.0,1972-07-31
1972-08,-0.03109242213848408,0.8486596515539397,0.9344854911859838,1952.0,1972-08-31
1972-09,0.01320771062553358,0.9292534072353271,0.9138720021072793,1961.0,1972-09-30
1972-10,0.07547819718328869,0.9999424710014644,0.9299728877415494,1968.0,1972-10-31
1972-11,0.04344793417949999,0.9503945968565632,0.9317420250079967,1968.0,1972-11-30
1972-12,-0.0916437663557222,0.7786296514481498,0.8891757848194867,1982.0,1972-12-31
1973-01,-0.09008069349611376,0.8017521501438452,0.8640518142815123,1990.0,1973-01-31
1973-02,-0.05712167712385048,0.8379827008742912,0.9046507926535393,1993.0,1973-02-28
1973-03,-0.013102490457565424,0.9253843383565843,0.9231643032933748,1999.0,1973-03-31
1973-04,-0.024522873338813506,0.9072474315645613,0.9289427453266373,2001.0,1973-04-30
1973-05,-0.013995546211771959,0.9103241856931944,0.9302496849463351,1999.0,1973-05-31
1973-06,0.014254274579330928,0.9692872174019066,0.9485243294472951,2005.0,1973-06-30
1973-07,-0.00025774587509680424,0.9403716067786559,0.9508141146823842,2007.0,1973-07-31
1973-08,-0.03588627266241595,0.8831640367961152,0.9214308423862918,2013.0,1973-08-31
1973-09,0.02372054672528351,0.9912736298289205,0.9611812579385707,2018.0,1973-09-30
1973-10,0.0011253813593496143,0.9225450140448136,0.9432559796663256,2028.0,1973-10-31
1973-11,-0.06462142701393829,0.8479079212111464,0.9273325525773756,2031.0,1973-11-30
1973-12,-0.02463573167835198,0.8976142264306121,0.9408511903225305,2037.0,1973-12-31
1974-01,-0.028672727502189688,0.8818051728225902,0.9268354953851188,3783.0,1974-01-31
1974-02,0.04796790324523886,0.9573738175450688,0.9282475110249794,3790.0,1974-02-28
1974-03,0.010906609941406797,0.945766354646092,0.9279250275189763,3790.0,1974-03-31
1974-04,0.05574659290602524,0.952107806436398,0.8988286650849818,3784.0,1974-04-30
1974-05,0.07789201213980053,0.9708648122615398,0.8882651072741093,3763.0,1974-05-31
1974-06,0.034276058036212115,0.9523312076092769,0.8972428891221873,3737.0,1974-06-30
1974-07,-0.11219906403406454,0.8240101001559214,0.8601640402196846,3723.0,1974-07-31
1974-08,0.018511100984156037,0.9404346616921149,0.9099422435683492,3697.0,1974-08-31
1974-09,-0.0912637763240102,0.8564179119144857,0.8880210663801734,3667.0,1974-09-30
1974-10,-0.05147020090146631,0.8781121220489345,0.8920074655715675,3633.0,1974-10-31
1974-11,0.1830896437383424,1.0853142649049183,0.8572302710464935,3616.0,1974-11-30
1974-12,0.021909287943674166,0.9337633514393443,0.879396698380539,3598.0,1974-12-31
1975-01,-0.13659402101409904,0.7992337534155433,0.8701043831188182,3559.0,1975-01-31
1975-02,-0.026316421783147498,0.8822212242813177,0.8892653503163532,3540.0,1975-02-28
1975-03,-0.026323277218917848,0.8740488782652687,0.8884319202210816,3535.0,1975-03-31
1975-04,0.04462645687683092,0.9419838431677195,0.9014897746664174,3536.0,1975-04-30
1975-05,0.0765540585404086,0.9754593700390087,0.8968279491540659,3545.0,1975-05-31
1975-06,0.04081615174791389,0.9637496387954483,0.9189360501564152,3515.0,1975-06-30
1975-07,0.08514356774861503,0.9772719695197042,0.891619563460295,3513.0,1975-07-31
1975-08,0.12883784060716297,0.9972690835592012,0.8838110832260658,3504.0,1975-08-31
1975-09,0.14085912200860085,1.0241893982455268,0.8603905840714272,3507.0,1975-09-30
1975-10,-0.01897730781577911,0.7936559304597709,0.8095446723727222,3502.0,1975-10-31
1975-11,0.0968830406489527,0.9803628386163105,0.8786809694367159,3499.0,1975-11-30
1975-12,0.13635305654505359,1.0368942976465974,0.8633184733900936,3496.0,1975-12-31
1976-01,-0.12053822040855966,0.6118006747345108,0.777219834297809,3506.0,1976-01-31
1976-02,0.012058436241315085,0.8242750423012661,0.8414258681552669,3448.0,1976-02-29
1976-03,0.015578434711037425,0.7467845940845953,0.8288502439922973,3449.0,1976-03-31
1976-04,0.03450936446558289,0.8166349056736661,0.8270293638392928,3423.0,1976-04-30
1976-05,-0.012941010149331689,0.8000456976869287,0.8279523449264787,3416.0,1976-05-31
1976-06,-0.030531887614061975,0.8082441953256886,0.8395249511098027,3426.0,1976-06-30
1976-07,0.04534256586464522,0.8635187398043721,0.8463490349487504,3441.0,1976-07-31
1976-08,0.07337991363203272,0.9656400198627852,0.8963544314120393,3445.0,1976-08-31
1976-09,0.07488783019946527,0.9243470910977827,0.8930743877532572,3278.0,1976-09-30
1976-10,0.01987079246817275,0.8804975015457679,0.852296596674126,3287.0,1976-10-31
1976-11,0.009403165830029203,0.900067052283974,0.8713261090762353,3273.0,1976-11-30
1976-12,0.03840279173474226,0.9197390848127355,0.8882020607890875,3273.0,1976-12-31
1977-01,-0.10386011334156484,0.7114812495478189,0.8099270105839333,3283.0,1977-01-31
1977-02,-0.05925977425008405,0.7613653149489232,0.8253177655973701,3301.0,1977-02-28
1977-03,0.0013676567493663971,0.8282947599700348,0.8266619393365323,3302.0,1977-03-31
1977-04,0.021137351208281377,0.8713564032203643,0.8803102291862825,3321.0,1977-04-30
1977-05,0.033728654134353636,0.9464023211636969,0.9079073799721851,3319.0,1977-05-31
1977-06,-0.012092688322394546,0.9031293366449086,0.8954020567173603,3324.0,1977-06-30
1977-07,0.02481466003787658,0.8785070751278884,0.8934136169172031,3329.0,1977-07-31
1977-08,0.04486184523326586,0.9179300679993726,0.8821596886263527,3342.0,1977-08-31
1977-09,-0.011483820414374346,1.0020335423364393,0.9118841864777293,3544.0,1977-09-30
1977-10,0.06744328120172732,0.8635552628240706,0.9160952539689472,3543.0,1977-10-31
1977-11,0.001715599282910124,0.872888005905931,0.9031078106800363,3553.0,1977-11-30
1977-12,-0.05346014565987847,0.7925747795930448,0.8813801203174453,3535.0,1977-12-31
1978-01,-0.0008483701608351657,0.7991317839424377,0.8623750562434976,3506.0,1978-01-31
1978-02,0.01581057756183543,0.9015762010694395,0.9021995385978497,3527.0,1978-02-28
1978-03,0.009965852807598458,0.8748933660647754,0.8751159186102258,3522.0,1978-03-31
1978-04,0.01473154757067005,0.8675953006372591,0.8884116881644137,3502.0,1978-04-30
1978-05,0.030388260941733747,0.9048014983128588,0.8974912630076871,3486.0,1978-05-31
1978-06,-0.009888267027727382,0.8501624818321281,0.8943263342475,3459.0,1978-06-30
1978-07,0.030295912280177584,0.8837265092013867,0.917558817852441,3455.0,1978-07-31
1978-08,0.042284907434265884,0.9255021984674929,0.9207877236806917,3439.0,1978-08-31
1978-09,0.02455690572978808,0.9334475310533038,0.9073726724088681,3425.0,1978-09-30
1978-10,0.06054185512358179,0.9789242321459483,0.9289999531747385,3415.0,1978-10-31
1978-11,-0.04934944547646103,0.8699938703474216,0.8983427112603781,3406.0,1978-11-30
1978-12,0.0035487821589500756,0.8651395524490598,0.9219411285683349,3394.0,1978-12-31
1979-01,0.03775225756713757,0.926581955731624,0.9050480367283188,3379.0,1979-01-31
1979-02,-0.005300478611217296,0.9236923908302581,0.9481917381412304,3374.0,1979-02-28
1979-03,-0.028901959464595478,0.8065224546846727,0.891444264285366,3369.0,1979-03-31
1979-04,-0.033668266329910435,0.7682872320931843,0.8727067653486867,3365.0,1979-04-30
1979-05,-0.035140732423949994,0.7702352596493306,0.8712191606917993,3372.0,1979-05-31
1979-06,0.018288548889291434,0.8231386503314881,0.8494980826604152,3355.0,1979-06-30
1979-07,-0.03556333828571956,0.8656907605574097,0.897915928647852,3350.0,1979-07-31
1979-08,-0.06417388503075692,0.7783892434982849,0.7962626694678376,3345.0,1979-08-31
1979-09,0.018756828118667426,0.8596864225701536,0.8557036003866862,3350.0,1979-09-30
1979-10,0.278186215263894,1.1876644660562525,0.8175845882241319,3367.0,1979-10-31
1979-11,-0.018431261121278297,0.8750059458078693,0.8994192305018703,3365.0,1979-11-30
1979-12,0.007906540294425835,0.936326888355171,0.9324126953405958,3354.0,1979-12-31
1980-01,-0.05194025063292279,0.82073098846677,0.916876875121095,3334.0,1980-01-31
1980-02,0.05228805472181752,0.952935062209429,0.9490204135080719,3336.0,1980-02-29
1980-03,-0.04389841501014352,0.8184297563223273,0.9226578389259911,3338.0,1980-03-31
1980-04,-0.0197317123748091,0.8847896463744543,0.9131430617342209,3331.0,1980-04-30
1980-05,0.02067800106490482,0.9397355753662681,0.9215814144275335,3315.0,1980-05-31
1980-06,-0.02187740423370199,0.8061775843528954,0.9016181913775536,3318.0,1980-06-30
1980-07,-0.003488534883892669,0.8950877571365119,0.919322306942392,3339.0,1980-07-31
1980-08,-0.04601378801905226,0.820917665145213,0.9061004437470495,3333.0,1980-08-31
1980-09,0.03004222479351576,0.8858250514230434,0.9030019917150158,3326.0,1980-09-30
1980-10,0.1497880199952274,1.0150407639563246,0.9065178232831776,3328.0,1980-10-31
1980-11,-0.00791778287537237,0.8201952570322797,0.9111132866238514,3330.0,1980-11-30
1980-12,0.027580443663529963,0.7406404250813973,0.8738631762755106,3317.0,1980-12-31
1981-01,-0.04519278737108412,0.7561079044600992,0.8496847641383889,3318.0,1981-01-31
1981-02,0.03623605046667849,0.8754552364740237,0.8909385304046307,3325.0,1981-02-28
1981-03,0.23037852354064103,1.1794714167610072,0.8924192737402876,3328.0,1981-03-31
1981-04,0.015768638966877635,0.8784500220518732,0.91328994556786,3328.0,1981-04-30
1981-05,-0.03806046549083897,0.8984472652608464,0.9271516236960555,3329.0,1981-05-31
1981-06,-0.008832209432632077,0.9152358743030433,0.9333541970251087,3326.0,1981-06-30
1981-07,-0.05377104995076659,0.819999979216621,0.9113578907430815,3343.0,1981-07-31
1981-08,-0.024671335942745343,0.7951267586391481,0.886076529553519,3360.0,1981-08-31
1981-09,-0.02112909159672388,0.7398424383229228,0.8335746587365821,3364.0,1981-09-30
1981-10,-0.04746754314132673,0.7912765400015483,0.8290051027418198,3377.0,1981-10-31
1981-11,-0.06153377587353384,0.8760694080114864,0.8750373173639748,3404.0,1981-11-30
1981-12,0.03687373354386313,0.9243014317426841,0.9069800776740861,3418.0,1981-12-31
1982-01,-0.007166885735279837,0.8973328764734791,0.9164329569877232,3441.0,1982-01-31
1982-02,-0.01173955959151523,0.8951369537697897,0.9246923606955023,3460.0,1982-02-28
1982-03,-0.08218633405820523,0.8421069010102884,0.8994921820054808,3472.0,1982-03-31
1982-04,-0.05606057894290514,0.8403393461499297,0.883973291655781,3490.0,1982-04-30
1982-05,-0.04646961723646459,0.8754697133723524,0.8991640301258703,3532.0,1982-05-31
1982-06,-0.011879661419143345,0.8849550415003536,0.9105497779547103,3561.0,1982-06-30
1982-07,0.006122438302939265,0.9346434021713297,0.9058120504712306,3593.0,1982-07-31
1982-08,0.07525640459251476,1.0099444348563964,0.9271775764431452,3630.0,1982-08-31
1982-09,0.09080167245170442,0.9794216562193819,0.9085804752751734,3638.0,1982-09-30
1982-10,-0.06490306141535142,0.8672576885723472,0.8955525628850444,3642.0,1982-10-31
1982-11,-0.007050815131514662,0.8855498207980184,0.9110338183108322,3657.0,1982-11-30
1982-12,0.031491026403071776,0.9747861844502822,0.9349140870638476,3668.0,1982-12-31
1983-01,0.041260095908164096,0.9246341547822798,0.919342384489445,3679.0,1983-01-31
1983-02,0.062425139750642344,1.0353852317072816,0.9209734110938664,3683.0,1983-02-28
1983-03,0.07314884345305073,0.9013798188329541,0.9138267072277686,3683.0,1983-03-31
1983-04,0.026951141612725382,0.8145498181821117,0.8910338598598249,3683.0,1983-04-30
1983-05,0.0608460412090337,0.9805752168365263,0.936069835386431,3674.0,1983-05-31
1983-06,0.10506657805445363,0.9593126616249632,0.9328904517584945,3661.0,1983-06-30
1983-07,0.12154173600348606,0.9193134109327271,0.9232825321159578,3658.0,1983-07-31
1983-08,-0.024095673036950593,0.9258021510125118,0.9141006482088159,3661.0,1983-08-31
1983-09,0.027594591411965408,0.9078830156468342,0.9139309414998728,3652.0,1983-09-30
1983-10,-0.043982523942564966,0.7898281495183223,0.8637117235544584,3651.0,1983-10-31
1983-11,-0.01675945028419923,0.7690795618284172,0.8383434615840584,3651.0,1983-11-30
1983-12,0.03363919265216625,0.8379650614883504,0.8633000304025675,3674.0,1983-12-31
1984-01,-0.05542902934813848,0.7908485733031362,0.8048649858831366,3688.0,1984-01-31
1984-02,-0.04137894876561715,0.853452136009645,0.8985293727528517,3685.0,1984-02-29
1984-03,-0.04561018184403454,0.9285526524917355,0.9104700927537394,3693.0,1984-03-31
1984-04,-0.06830874831024909,0.8614416352398369,0.931361655403652,3719.0,1984-04-30
1984-05,-0.10739635696378977,0.5883074098148824,0.7251240112626635,3734.0,1984-05-31
1984-06,-0.07032884466808498,0.8471045643951364,0.8744299872852768,3741.0,1984-06-30
1984-07,-0.0072875405903228,0.8892960189952193,0.9016486052683772,3785.0,1984-07-31
1984-08,0.02189691310339592,0.9660521684203691,0.9269541867775424,3836.0,1984-08-31
1984-09,-0.015608928167405584,0.9006540184942377,0.9227800053632345,3879.0,1984-09-30
1984-10,0.053224347328219665,0.9681383506434239,0.9186473045151269,3897.0,1984-10-31
1984-11,-0.04125003567181762,0.8935040462740622,0.9182439226790553,3932.0,1984-11-30
1984-12,0.004383937587135206,0.9301769893965814,0.9368691402305277,3970.0,1984-12-31
1985-01,-0.014788132316504193,0.8929868322732313,0.9100565590799031,4020.0,1985-01-31
1985-02,0.06556856206229315,0.9818554523120219,0.9218172338198986,4039.0,1985-02-28
1985-03,-0.0012111358072525308,0.8889496415505185,0.9106530883786441,4055.0,1985-03-31
1985-04,0.02364586650422027,0.929779835605371,0.9021608622698915,4072.0,1985-04-30
1985-05,0.05891998095097812,0.9634168397314493,0.9154236034235504,4063.0,1985-05-31
1985-06,-0.005018622662002953,0.8799177096230026,0.9168400395323388,4045.0,1985-06-30
1985-07,0.06578690873380608,0.953769825156721,0.9110063132058824,4044.0,1985-07-31
1985-08,-0.06930151658188802,0.8005358868937793,0.8619058998826836,4028.0,1985-08-31
1985-09,0.01429089692078768,0.9406524320573925,0.9162339058693532,4032.0,1985-09-30
1985-10,0.028133977650203007,0.928895069367952,0.9013781657013481,4012.0,1985-10-31
1985-11,0.049092297667005735,0.9460950538947266,0.8967693633655579,3987.0,1985-11-30
1985-12,0.028464403780950553,0.8216530119083909,0.8474888858179274,3978.0,1985-12-31
1986-01,-0.08812856713992719,0.7508084296160773,0.841540420473097,3973.0,1986-01-31
1986-02,-0.031945381536316236,0.8221310366439281,0.8736266537604271,3970.0,1986-02-28
1986-03,0.032480872937584754,0.9026081919799153,0.8999805251436402,3940.0,1986-03-31
1986-04,0.03503954048275221,0.9230224191329063,0.929845418934105,3961.0,1986-04-30
1986-05,-0.009349257168048408,0.9093555581586744,0.90135376153764,3947.0,1986-05-31
1986-06,0.019509486707545487,0.9251470076183851,0.9442239975701896,3939.0,1986-06-30
1986-07,0.01457834955422549,0.850103205265894,0.8872479797863422,3925.0,1986-07-31
1986-08,0.02341671817549268,0.8885253475939714,0.8958793780230413,3923.0,1986-08-31
1986-09,0.074413894729006,1.0180055086528368,0.9304179458991536,3928.0,1986-09-30
1986-10,-0.004251754232460325,0.9127599543469487,0.912120259235432,3913.0,1986-10-31
1986-11,-0.031697230970131746,0.8251562977359695,0.8722985278127732,3900.0,1986-11-30
1986-12,-0.02251532848850285,0.8877917560733052,0.8968018033109049,3860.0,1986-12-31
1987-01,-0.0341227420995605,0.8495957510854187,0.876174866269122,3857.0,1987-01-31
1987-02,-0.04454838300075056,0.8683820098149938,0.8940706881316534,3865.0,1987-02-28
1987-03,-0.028554759144970493,0.7951225834940915,0.8270145184331038,3868.0,1987-03-31
1987-04,-0.004316015608495372,0.8830262297992281,0.8601216554474347,3887.0,1987-04-30
1987-05,-0.02973237443411722,0.8446444803173877,0.8657811467609091,3920.0,1987-05-31
1987-06,0.008065962323140885,0.8486701795701226,0.8349846691685654,3952.0,1987-06-30
1987-07,0.10336279912137146,1.078842368810311,0.909468458242248,4009.0,1987-07-31
1987-08,0.018246950748542545,0.8100135425552025,0.8950208532088662,4034.0,1987-08-31
1987-09,0.09544988232917348,0.9769029464430077,0.8896147081205755,4052.0,1987-09-30
1987-10,-0.010651635043365582,0.9221359019041813,0.8788004358777071,4063.0,1987-10-31
1987-11,-0.008780487560793457,0.9066367693857149,0.9123965940734793,4072.0,1987-11-30
1987-12,0.02725648745438597,0.962711495367001,0.9014051106539692,4080.0,1987-12-31
1988-01,-0.12568639584268188,0.763688695162172,0.8662976882684895,4105.0,1988-01-31
1988-02,-0.09031747733271647,0.8416439756704874,0.8554719611972199,4095.0,1988-02-29
1988-03,-0.06274409432730577,0.8057324365894006,0.850153499565147,4109.0,1988-03-31
1988-04,0.0010532457588204314,0.908615017462236,0.8963512923341513,4130.0,1988-04-30
1988-05,-0.02342666607988525,0.873836243388624,0.8884513075414499,4100.0,1988-05-31
1988-06,-0.04144732467547915,0.8734216417567863,0.8919079388649689,4113.0,1988-06-30
1988-07,-0.054495357552889395,0.8493213384092505,0.8682696274737995,4154.0,1988-07-31
1988-08,-0.036323462172028725,0.8724758582508363,0.8836098306459326,4155.0,1988-08-31
1988-09,-0.0033163791269343323,0.929996907922919,0.8953338810066536,4175.0,1988-09-30
1988-10,0.42194852526125654,1.2707702481078056,0.8065512590947337,4201.0,1988-10-31
1988-11,0.09608758614069884,0.9361016422610708,0.8488406793222797,4187.0,1988-11-30
1988-12,-0.019940171805666734,0.8907598155408843,0.8282350112175867,4140.0,1988-12-31
1989-01,-0.04699534707528069,0.8576599502353679,0.8843420361769652,4125.0,1989-01-31
1989-02,-0.021247982479075264,0.6824632664833101,0.7521041240723702,4103.0,1989-02-28
1989-03,-0.027763825782700716,0.8423494261972938,0.8600605476417518,4082.0,1989-03-31
1989-04,-0.01079868633464616,0.8964935028731899,0.8904026423321673,4068.0,1989-04-30
1989-05,0.03805430221116031,0.8467312770747681,0.8505551047082512,4056.0,1989-05-31
1989-06,-0.038495462607886166,0.8592180013920808,0.890759258552696,4035.0,1989-06-30
1989-07,0.009104941840061678,0.9266821414039688,0.9206352234342318,4038.0,1989-07-31
1989-08,0.041346262669582495,0.9369232160620298,0.8999151072762266,4018.0,1989-08-31
1989-09,-0.004449794852629835,0.8850490463819065,0.9034511423775087,4003.0,1989-09-30
1989-10,0.028811715784810316,0.9699382427557084,0.919048706023764,3998.0,1989-10-31
1989-11,0.05342762842449025,0.9889838851480279,0.9106329147561065,3991.0,1989-11-30
1989-12,-0.016802355329411295,0.8757414096043569,0.8948387543968467,3986.0,1989-12-31
1990-01,-0.05130979360623707,0.8705275923716835,0.900271919050858,3966.0,1990-01-31
1990-02,-0.005147719212517843,0.8898145580731034,0.9145892204894714,3967.0,1990-02-28
1990-03,-0.024512843609293906,0.872382534652504,0.9005615840800523,3957.0,1990-03-31
1990-04,-0.035999962635190036,0.8570714083033967,0.8868783257514026,3947.0,1990-04-30
1990-05,-0.038350654083814995,0.8491669792259335,0.8698748529897007,3935.0,1990-05-31
1990-06,0.019547962773074766,0.9429557391445051,0.9190287894669792,3913.0,1990-06-30
1990-07,-0.030746532151477095,0.8719368943362632,0.8879461152515111,3904.0,1990-07-31
1990-08,-0.019858416100870448,0.9325177100141983,0.9107528994601898,3906.0,1990-08-31
1990-09,-0.03126595028595744,0.8535981883464383,0.8984852537823373,3907.0,1990-09-30
1990-10,0.03246602208835622,0.9598453490604252,0.8865603171469989,3895.0,1990-10-31
1990-11,-0.008531928971958647,0.9428287444852355,0.8744985199015852,3898.0,1990-11-30
1990-12,-0.016826085315471945,0.9044638610489528,0.9027028835231885,3909.0,1990-12-31
1991-01,0.03932987210605993,0.9517693256764889,0.8955315290186293,3919.0,1991-01-31
1991-02,-0.038134922245997946,0.834661088905694,0.8865392340157299,3921.0,1991-02-28
1991-03,-0.035835738510898885,0.8630935126051849,0.8562059452734624,3911.0,1991-03-31
1991-04,0.024519220867113938,0.8705039520495336,0.876074953352739,3895.0,1991-04-30
1991-05,-0.04900118712892294,0.8255464096185727,0.8510748588583119,3905.0,1991-05-31
1991-06,-0.005120290192164312,0.8679252423894808,0.8956472225561103,3922.0,1991-06-30
1991-07,0.03329229422101675,0.9459567345914406,0.8318336252741054,3910.0,1991-07-31
1991-08,0.1653527656940101,0.9025241463298262,0.7978299372879708,3924.0,1991-08-31
1991-09,0.11709706118462004,1.0830947741825905,0.8787795021688994,3934.0,1991-09-30
1991-10,0.10666456465219876,0.9777742396504511,0.8275746137459552,3922.0,1991-10-31
1991-11,-0.003274218557465791,0.9027126603149738,0.8555670526418355,3909.0,1991-11-30
1991-12,0.07181179490098377,0.8508950037513245,0.849045344427083,3890.0,1991-12-31
1992-01,-0.037264986494676855,0.8214922972372009,0.8972061654157478,3873.0,1992-01-31
1992-02,-0.09168208148029106,0.8411699894804745,0.9055381963091116,3857.0,1992-02-29
1992-03,-0.03765283506716521,0.8331241744392699,0.7974208556709349,3847.0,1992-03-31
1992-04,0.0996021091758457,0.6017519259355234,0.6690224619244232,3838.0,1992-04-30
1992-05,-0.010870083423970112,0.8711730476489947,0.892696754564362,3827.0,1992-05-31
1992-06,0.05419191627511727,0.9943925861362202,0.8673276537735413,3819.0,1992-06-30
1992-07,-0.009415073516048617,0.8699754537262012,0.8910613033229801,3824.0,1992-07-31
1992-08,0.00078994422113568,0.7773241029221966,0.8066659576702758,3820.0,1992-08-31
1992-09,0.0031859743887813763,0.8763105265432205,0.8630855032861044,3844.0,1992-09-30
1992-10,-0.017781559836406724,0.8521965445391603,0.7916425412001137,3844.0,1992-10-31
1992-11,0.041995511790380524,0.9015596374815208,0.8796242566537819,3872.0,1992-11-30
1992-12,-0.025475465948129578,0.8957130243876471,0.8468959552142404,3902.0,1992-12-31
1993-01,-0.11413895248638543,0.8317470188777181,0.883730533258155,3921.0,1993-01-31
1993-02,-0.044572844050842886,0.912162522514825,0.9511396277425995,3947.0,1993-02-28
1993-03,0.03101285611486193,0.5779098015690455,0.7764439428219125,3967.0,1993-03-31
1993-04,0.05950290907024067,0.9125701070870073,0.9379971239153732,4018.0,1993-04-30
1993-05,0.019141293396565465,0.8555397218808765,0.9351328673345103,4043.0,1993-05-31
1993-06,0.10049129834858198,0.818005417420833,0.7881880743654724,4055.0,1993-06-30
1993-07,0.0022960195209471013,0.8710651148001582,0.9153197094007438,4077.0,1993-07-31
1993-08,0.03824575268917341,1.0405367699754369,0.8553795899510732,4083.0,1993-08-31
1993-09,0.04777911579250149,0.7867433961402006,0.8297596229740972,4108.0,1993-09-30
1993-10,0.013809306799656473,0.8639468629146292,0.8694644265408991,4109.0,1993-10-31
1993-11,-0.02793982537778661,0.8051308988502691,0.8326941893235169,4135.0,1993-11-30
1993-12,-0.013328298151045387,0.8856752958201008,0.8866638730693025,4143.0,1993-12-31
1994-01,-0.023987515352831057,0.7712960644389965,0.8441882268676751,4185.0,1994-01-31
1994-02,0.04502675598175082,0.9364264000604313,0.8969377687391054,4182.0,1994-02-28
1994-03,-0.0009598217380011875,0.8615101259606648,0.8906348935439411,4209.0,1994-03-31
1994-04,0.04725310592592449,0.8329293649448275,0.8396065177842106,4247.0,1994-04-30
1994-05,-0.032176610799893535,0.8111342575110876,0.8837447246474074,4260.0,1994-05-31
1994-06,0.00395448730682596,0.8589980924492989,0.841720897597554,4289.0,1994-06-30
1994-07,-0.0022236902010625663,0.8566995818226927,0.8646721901961573,4330.0,1994-07-31
1994-08,-0.029532655976542345,0.8373214872853793,0.864323031461646,4360.0,1994-08-31
1994-09,-0.019115615272718097,0.8631478909999409,0.8582706644082425,4389.0,1994-09-30
1994-10,-0.037230687208037204,0.8878720327154828,0.8663123676267406,4422.0,1994-10-31
1994-11,0.017451395787248688,0.9299266541950663,0.8957221093710189,4456.0,1994-11-30
1994-12,-0.012587237415766478,0.9383957383224588,0.8583428614278222,4506.0,1994-12-31
1995-01,-0.05494396244908685,0.8502406153468968,0.9063960629600797,4564.0,1995-01-31
1995-02,-0.003976475139597965,0.9150274690720747,0.9068350819461317,4577.0,1995-02-28
1995-03,0.04697053311874233,0.9644532583176262,0.9140664214305527,4611.0,1995-03-31
1995-04,0.017054574817216523,0.9179992818868161,0.9237393516766337,4638.0,1995-04-30
1995-05,0.01557145076368796,0.9065211783512651,0.9202225818524581,4652.0,1995-05-31
1995-06,0.049479701895853295,0.9487081445413268,0.9162558024590226,4683.0,1995-06-30
1995-07,0.0016229352825382348,0.9050568616669397,0.9283133995077999,4691.0,1995-07-31
1995-08,-0.023975084248044398,0.8678815738923397,0.9056597386931173,4679.0,1995-08-31
1995-09,0.015166626049455206,0.8814508562638452,0.9042047237203307,4696.0,1995-09-30
1995-10,0.016383035234335486,0.891139210848236,0.9027390284482909,4700.0,1995-10-31
1995-11,0.056371115460228854,0.969532702360742,0.9003896254121881,4705.0,1995-11-30
1995-12,0.04103901923755077,0.9355870481316969,0.8891320514070116,4720.0,1995-12-31
1996-01,0.007243582486964828,0.8600779343461855,0.9027780184361537,4724.0,1996-01-31
1996-02,-0.018823862348188614,0.9187750245885361,0.9062356133107007,4714.0,1996-02-29
1996-03,-0.005123387094309151,0.9251248186859904,0.8921666639241902,4726.0,1996-03-31
1996-04,-0.00914323503229536,0.926871625675079,0.9194747259378978,4746.0,1996-04-30
1996-05,0.01987171825107248,0.8731246070456271,0.8868290624507265,4750.0,1996-05-31
1996-06,-0.016181658839339197,0.8446339317696925,0.945825511368301,4772.0,1996-06-30
1996-07,-0.05133066602029873,0.9189544955222182,0.8749591675267426,4795.0,1996-07-31
1996-08,-0.020083509123904525,0.8722519288823982,0.9265318493333605,4805.0,1996-08-31
1996-09,0.0038294718287618795,0.6775760711092623,0.8003495637629506,4839.0,1996-09-30
1996-10,0.07032818307300201,0.9535161761423483,0.886969872818547,4846.0,1996-10-31
1996-11,-0.0022625065806390343,0.9213923628687853,0.8970421275522072,4876.0,1996-11-30
1996-12,0.003562154197246009,0.9667960752740021,0.8595663957649639,4903.0,1996-12-31
1997-01,-0.004950259051937772,0.8464048804361186,0.8735781583002885,4945.0,1997-01-31
1997-02,-0.02729320253973838,0.9149335941255067,0.8982965600484558,4952.0,1997-02-28
1997-03,-0.022669243130267497,0.9081751797219006,0.9112473301397275,4970.0,1997-03-31
1997-04,-0.06748365432157478,0.6639184292201004,0.7965293377607084,5020.0,1997-04-30
1997-05,-0.07898786747698835,0.7800854422312076,0.8444888042413428,5051.0,1997-05-31
1997-06,0.04232795535199922,0.9566641524311683,0.9046166572227471,5102.0,1997-06-30
1997-07,0.11380510325469255,0.9781616055406556,0.8890993311280903,5134.0,1997-07-31
1997-08,-0.031855977646044725,0.8806372831417564,0.9268080455017931,5141.0,1997-08-31
1997-09,-0.015035107824840188,0.886834481273722,0.9057392016162422,5163.0,1997-09-30
1997-10,0.0603628428350233,0.9086251278819588,0.895948260251366,5167.0,1997-10-31
1997-11,-0.002229345581566178,0.9092695551698543,0.8692968440287319,5219.0,1997-11-30
1997-12,0.018294599502745618,0.9559156386621179,0.8907005692765244,5222.0,1997-12-31
1998-01,-0.028134332777945054,0.749103288538892,0.8061194042828066,5220.0,1998-01-31
1998-02,0.03506965329010901,0.9320536914617013,0.905232382576405,5211.0,1998-02-28
1998-03,0.08030387432369326,0.9749639207258233,0.898533177959784,5200.0,1998-03-31
1998-04,0.058016940309980836,0.9459969497636668,0.8998476364234602,5188.0,1998-04-30
1998-05,-0.07899601999774841,0.8586334603011353,0.8206060337615597,5177.0,1998-05-31
1998-06,-0.021926115814227376,0.8738324852438343,0.9100254381299914,5147.0,1998-06-30
1998-07,-0.021486200538142083,0.7398256109415765,0.822784740596419,5145.0,1998-07-31
1998-08,-0.03057544562723483,0.8893287787803352,0.9142504011720126,5148.0,1998-08-31
1998-09,-0.09704164601207291,0.8317985238941408,0.8888348920613903,5121.0,1998-09-30
1998-10,0.004776192299569992,0.9313706273124013,0.9129072876904739,5071.0,1998-10-31
1998-11,0.007911443034969351,0.9531992187017293,0.9389406733311142,5083.0,1998-11-30
1998-12,0.03861010658786124,0.9881827196030204,0.8845856364008933,5074.0,1998-12-31
1999-01,-0.021211953638334294,0.8862536292171437,0.9179754068478815,5040.0,1999-01-31
1999-02,-0.0634565306257172,0.8405983174635849,0.9256113873807444,5008.0,1999-02-28
1999-03,-0.06647360573240589,0.8341003843926239,0.9081132730040482,4950.0,1999-03-31
1999-04,-0.063524167222794,0.8073838556029103,0.8897030051975163,4919.0,1999-04-30
1999-05,0.036889382422702045,0.9360449220504384,0.9264417639361603,4903.0,1999-05-31
1999-06,0.021127981779493852,0.9338608227275345,0.9000816565293446,4884.0,1999-06-30
1999-07,0.07115909943314289,0.9443374549559926,0.8475792513750112,4884.0,1999-07-31
1999-08,0.2996390278637018,1.28846887253183,0.8944678169910816,4862.0,1999-08-31
1999-09,0.01967026194983973,0.8111767550375515,0.8323542022585713,4816.0,1999-09-30
1999-10,-0.012174860455619552,0.862968282137591,0.86791003535782,4774.0,1999-10-31
1999-11,-0.04191591754397472,0.7411378786574377,0.8466796033480096,4710.0,1999-11-30
1999-12,-0.0028877116744270848,0.8916572029183647,0.8718175591639428,4660.0,1999-12-31
2000-01,-0.025330342510699377,0.7598851789214168,0.877725879309333,4642.0,2000-01-31
2000-02,0.1033027087017992,0.9878917511126627,0.9324269300089821,4603.0,2000-02-29
2000-03,0.04435008662226125,0.9772718446990447,0.9252008765332299,4582.0,2000-03-31
2000-04,0.02692947639372345,0.7834238210565796,0.8621482634328358,4577.0,2000-04-30
2000-05,-0.005560303877098105,0.8929906199674464,0.9379369124948804,4568.0,2000-05-31
2000-06,-0.03340725984388701,0.8499798927368056,0.910532163887687,4553.0,2000-06-30
2000-07,0.01145441986214718,0.861677660352712,0.9401687730637318,4562.0,2000-07-31
2000-08,0.03938253410662973,0.938638988809281,0.9313997520611057,4568.0,2000-08-31
2000-09,0.04700999854517812,0.9046877620412646,0.9123295913016027,4550.0,2000-09-30
2000-10,0.017050201666345577,0.9789462232514635,0.9074640094806641,4519.0,2000-10-31
2000-11,-0.04802628963837835,0.6759464962679278,0.8400357373067951,4511.0,2000-11-30
2000-12,-0.09038855147494065,0.74508254586184,0.8146705475244331,4497.0,2000-12-31
2001-01,-0.049635483044735404,0.8600739805560546,0.8975440984577221,4470.0,2001-01-31
2001-02,-0.08469135651669654,0.8328539199409286,0.8137106263154946,4441.0,2001-02-28
2001-03,-0.04014350814848075,0.8724564753746223,0.9008069942910959,4448.0,2001-03-31
2001-04,0.047469876402233546,0.9651440649655467,0.9070664707519115,4427.0,2001-04-30
2001-05,0.038145305728301764,0.9399474942536413,0.9087197327046209,4401.0,2001-05-31
2001-06,-0.061555482169628584,0.8424268658238314,0.884106879966362,4380.0,2001-06-30
2001-07,0.010382696056862194,0.9175840951842481,0.9128486063541699,4366.0,2001-07-31
2001-08,-0.06074375258352762,0.8773001090743904,0.8992213765132816,4339.0,2001-08-31
2001-09,0.030414832636874,0.9634484203957278,0.8937012852042772,4372.0,2001-09-30
2001-10,0.01670783847748658,0.8804344499129767,0.8351436294638678,4366.0,2001-10-31
2001-11,0.1255560001310224,1.0316279787841784,0.8504815651929343,4330.0,2001-11-30
2001-12,0.04317999838197702,1.0377681967109673,0.8242769436579188,4308.0,2001-12-31
2002-01,-0.13502977620892861,0.5931955856824572,0.7894007423411536,4277.0,2002-01-31
2002-02,0.07952811319223636,0.8971808958663586,0.8799169462211966,4239.0,2002-02-28
2002-03,0.08996801607480116,0.8819388460189636,0.8240452496764749,4214.0,2002-03-31
2002-04,-0.056095729608256595,0.8001266492564851,0.8395853104913324,4183.0,2002-04-30
2002-05,-0.05369079814669438,0.8109481593891829,0.8646365439374217,4152.0,2002-05-31
2002-06,-0.009787906054624786,0.883448408600369,0.8802757314657236,4124.0,2002-06-30
2002-07,0.01999557970040157,0.9215439698178078,0.8970594727620272,4103.0,2002-07-31
2002-08,0.016106462267904728,0.9184119433984584,0.8940351446875205,4058.0,2002-08-31
2002-09,0.1510862291149077,0.9747250780062786,0.8261047792039539,4040.0,2002-09-30
2002-10,-0.07598264740676319,0.8517041177835819,0.8564525305562048,3999.0,2002-10-31
2002-11,-0.0835170020762307,0.8513925519898558,0.8783406060498591,3968.0,2002-11-30
2002-12,-0.06812531460992038,0.8650892453741983,0.8817093607675913,3944.0,2002-12-31
2003-01,-0.061776939134146114,0.78669088961708,0.8603158242365297,3915.0,2003-01-31
2003-02,0.010810063551133814,0.9282318764779983,0.9030446465482456,3884.0,2003-02-28
2003-03,-0.09411851030499072,0.8498681137246349,0.8664212342859993,3837.0,2003-03-31
2003-04,-0.0669255651579263,0.7364646929683208,0.8027545842977563,3811.0,2003-04-30
2003-05,0.013469498703772537,0.9372689841635164,0.8775530217795713,3787.0,2003-05-31
2003-06,0.09974116167920502,0.9710088693420353,0.8344891621223499,3770.0,2003-06-30
2003-07,0.18368606262055978,1.0179392641077587,0.8433634076163364,3747.0,2003-07-31
2003-08,0.07116029917892958,0.852185679988565,0.8511942670783187,3721.0,2003-08-31
2003-09,0.15685622302571245,1.0920698532575723,0.7954970050539578,3695.0,2003-09-30
2003-10,0.1418807463802737,0.7016035296709502,0.7692307535472971,3668.0,2003-10-31
2003-11,0.08407677725868556,0.6019056553981043,0.7910516790511422,3645.0,2003-11-30
2003-12,0.0682569311067136,1.110875546335682,0.8863743252680248,3625.0,2003-12-31
2004-01,0.13419675082579452,0.8379333395773785,0.8650621654758425,3607.0,2004-01-31
2004-02,0.11567741328840286,0.9589474301063166,0.9142012553445105,3590.0,2004-02-29
2004-03,0.08790372596920215,0.9034766683817407,0.902904962052564,3575.0,2004-03-31
2004-04,0.0815496664270493,0.7327059272108674,0.8520853268120964,3555.0,2004-04-30
2004-05,-0.00455825594976389,0.6892803702093424,0.8448850291142271,3538.0,2004-05-31
2004-06,0.029700784739709718,0.7776713220269338,0.8656607140723263,3518.0,2004-06-30
2004-07,-0.0004212418849469657,0.7744788471621047,0.8613170460647563,3504.0,2004-07-31
2004-08,-0.03136029314605926,0.8619140639317575,0.9074640651005392,3488.0,2004-08-31
2004-09,0.004648015234539782,0.8418610741815036,0.8789895726553185,3482.0,2004-09-30
2004-10,-0.057065750452810454,0.7872182797475297,0.8547126643352088,3471.0,2004-10-31
2004-11,-0.024740782856410584,0.869159988657642,0.8964809068707861,3467.0,2004-11-30
2004-12,-0.010526571842382731,0.7947082151643,0.8553821060471505,3468.0,2004-12-31
2005-01,-0.04323698693540878,0.8245284963921983,0.8831324204154697,3472.0,2005-01-31
2005-02,-0.0066198590533872725,0.8828955442573435,0.9046754572259597,3469.0,2005-02-28
2005-03,0.002644604000953135,0.9097691615252481,0.9183542812000696,3471.0,2005-03-31
2005-04,0.03136834819540444,0.9064618198616741,0.9163407159046716,3462.0,2005-04-30
2005-05,0.00045414813058652567,0.9344812747361153,0.91813340354195,3449.0,2005-05-31
2005-06,-0.022921112062755808,0.9017037524781182,0.9288179908519081,3450.0,2005-06-30
2005-07,0.08625762248191206,0.9720353367012424,0.9175489329204144,3449.0,2005-07-31
2005-08,0.04138891933679931,0.9512215565031646,0.929459522532307,3437.0,2005-08-31
2005-09,-0.035427694800329784,0.9164211460242254,0.9209604843582644,3429.0,2005-09-30
2005-10,0.01145123871371026,0.8476593091056014,0.916113046749896,3415.0,2005-10-31
2005-11,-0.06119729262710896,0.7842631308893266,0.8399863705891938,3410.0,2005-11-30
2005-12,-0.049632538324766565,0.9036960620175759,0.932653624952789,3404.0,2005-12-31
2006-01,0.04130913443076598,0.9099615063816876,0.9251938527021772,3399.0,2006-01-31
2006-02,0.006356429854120438,0.8333240511782076,0.895619334023097,3379.0,2006-02-28
2006-03,0.04929755779386555,0.9432133925504694,0.8829913881344238,3382.0,2006-03-31
2006-04,0.10288471859957077,0.9479783463601424,0.8822496950929057,3370.0,2006-04-30
2006-05,-0.006880911864602157,0.824184235392265,0.8753391516998115,3356.0,2006-05-31
2006-06,-0.018238346251168547,0.9010971853846034,0.9243384621929862,3358.0,2006-06-30
2006-07,-0.05330876853824118,0.8331520995150682,0.893110259615981,3359.0,2006-07-31
2006-08,0.013585482725700627,0.9002951260793451,0.8898889689384263,3363.0,2006-08-31
2006-09,-0.001969167068703488,0.8969633784895421,0.8930292868785545,3377.0,2006-09-30
2006-10,0.04272098662912467,0.9711403700218498,0.8842255909019676,3374.0,2006-10-31
2006-11,-0.017456889937696285,0.8254086088637597,0.8678828329850035,3367.0,2006-11-30
2006-12,0.002752664376108327,0.9038963216516126,0.9096869245566613,3357.0,2006-12-31
2007-01,-0.06527228624965874,0.8238111470980835,0.8814837863850845,3343.0,2007-01-31
2007-02,0.005156110413055873,0.8900882282169962,0.9076845775050283,3336.0,2007-02-28
2007-03,-0.03569716612341785,0.8314669382786966,0.8944334643488289,3337.0,2007-03-31
2007-04,-0.003805205548278387,0.9048005712456332,0.9006565228896731,3321.0,2007-04-30
2007-05,0.06878330511513418,0.94254379601411,0.8869043331530689,3313.0,2007-05-31
2007-06,0.02781312591417215,0.9531656687196196,0.9135268552502519,3305.0,2007-06-30
2007-07,0.06204569129695428,0.9607495812781945,0.9093366810745166,3305.0,2007-07-31
2007-08,-0.005473095719279869,0.9128360308243496,0.896276709754511,3282.0,2007-08-31
2007-09,0.0026458684820069855,0.9034636487632994,0.9034842360653031,3273.0,2007-09-30
2007-10,-0.035579862013041266,0.840991152774031,0.9044742070197651,3258.0,2007-10-31
2007-11,-0.020096455779439873,0.865195822908999,0.9253084679738629,3244.0,2007-11-30
2007-12,-0.01106900381271472,0.9390384648533132,0.9317014468033277,3241.0,2007-12-31
2008-01,-0.030350869476525263,0.9004512166115985,0.9368458437298547,3248.0,2008-01-31
2008-02,-0.017759880467189113,0.9013783327336149,0.9260111796455028,3242.0,2008-02-29
2008-03,-0.021490485133222825,0.9194759159747457,0.9388228971935045,3235.0,2008-03-31
2008-04,-0.0438877919381479,0.898740284013298,0.9359277150562866,3232.0,2008-04-30
2008-05,-0.0449769831924364,0.8929654383428931,0.9218840983072892,3216.0,2008-05-31
2008-06,-0.005204102771448477,0.9640915920218156,0.9424251821664631,3235.0,2008-06-30
2008-07,0.044405443647271337,1.0327634784250839,0.9551394748557994,3233.0,2008-07-31
2008-08,-0.004653974859625459,0.9132563142105242,0.9217157477122483,3221.0,2008-08-31
2008-09,-0.0336266562239497,0.9013464838901424,0.9516602919260204,3223.0,2008-09-30
2008-10,-0.07864164786867586,0.7842562766638412,0.8672030139243819,3198.0,2008-10-31
2008-11,0.02320711829558436,0.9465563313965291,0.8694825038778063,3194.0,2008-11-30
2008-12,-0.00857260464529136,0.9717468876930615,0.9423497731302313,3194.0,2008-12-31
2009-01,0.01384617622908263,0.9459310169177005,0.8983035485852972,3191.0,2009-01-31
2009-02,0.0027386339143338767,0.9768281631751886,0.9239071764350073,3180.0,2009-02-28
2009-03,-0.006536496993114038,0.9613903363755649,0.9308491317477059,3165.0,2009-03-31
2009-04,-0.07423753603577904,0.8747384906503451,0.913360477574404,3144.0,2009-04-30
2009-05,-0.07581535563100161,0.8622158373737219,0.9029899469056225,3126.0,2009-05-31
2009-06,0.09771176812360821,1.0811901930272045,0.9039328840605554,3110.0,2009-06-30
2009-07,-0.005121829357665475,0.9843627399614161,0.8261757878338951,3096.0,2009-07-31
2009-08,-0.03940310765841573,0.8964740141045526,0.932115247513464,3087.0,2009-08-31
2009-09,0.15480700063863365,1.1055076234281185,0.8196649840424849,3083.0,2009-09-30
2009-10,0.3733823870381771,1.2071877064302976,0.7111674355548994,3071.0,2009-10-31
2009-11,0.23024906816210922,1.2495748885465576,0.7046559118830432,3048.0,2009-11-30
2009-12,-0.03007632473184707,0.9927274288337952,0.8918926007571992,3029.0,2009-12-31
2010-01,0.1081321829157108,0.9588265710301203,0.9235737165376298,3012.0,2010-01-31
2010-02,0.30385249431862227,0.9954926727173469,0.8875007613394289,2997.0,2010-02-28
2010-03,0.2727270485980552,0.570321640507153,0.716056675346526,2977.0,2010-03-31
2010-04,0.07471682034766092,0.5343540625994454,0.7188136023587571,2961.0,2010-04-30
2010-05,0.08441683046292703,0.6892741310277599,0.7611353718313857,2955.0,2010-05-31
2010-06,0.003050501619108692,0.9161946538899173,0.8658969251940339,2949.0,2010-06-30
2010-07,-0.04691570223328009,0.754350473933787,0.8055019641275474,2925.0,2010-07-31
2010-08,0.01534698740589438,0.6292289123737415,0.7516067107816856,2917.0,2010-08-31
2010-09,-0.06470888447460635,0.7848357212714323,0.8759134048875883,2907.0,2010-09-30
2010-10,0.08646230500413221,0.9148543720994515,0.8533337279832303,2898.0,2010-10-31
2010-11,0.006150354054525714,0.8586955956843438,0.8565624442492684,2891.0,2010-11-30
2010-12,-0.04329158030045327,0.8447448289491699,0.8835217101521351,2880.0,2010-12-31
2011-01,0.0633968699042386,0.8912086733981218,0.8970503224575672,2881.0,2011-01-31
2011-02,-0.01988987183290508,0.8898825372141345,0.9176093406105056,2874.0,2011-02-28
2011-03,-0.0416476122581472,0.8223189170986828,0.8716961986270142,2866.0,2011-03-31
2011-04,-0.027902284269566785,0.8002019428407877,0.8707947370139316,2852.0,2011-04-30
2011-05,0.10572015411056501,1.0243056286161858,0.8921424738580499,2847.0,2011-05-31
2011-06,0.11003504537283382,1.0036834165940551,0.8962258704221157,2831.0,2011-06-30
2011-07,-0.03548215384633113,0.8777793102419973,0.9137465740840696,2825.0,2011-07-31
2011-08,0.10913230869215532,0.9510712225494459,0.8845272734984255,2825.0,2011-08-31
2011-09,-0.09353853925403492,0.8286479188680985,0.9005175356652996,2821.0,2011-09-30
2011-10,-0.05023741262939422,0.8705382235882405,0.9172261729774938,2811.0,2011-10-31
2011-11,-0.02984379630033527,0.8583910297396655,0.8898693900723015,2800.0,2011-11-30
2011-12,-0.07609961406347936,0.8750437092454696,0.9126281321290703,2796.0,2011-12-31
2012-01,-0.015539443811339163,0.9458893612123094,0.9193808396991813,2791.0,2012-01-31
2012-02,-0.049342952340826356,0.8775126868358293,0.9022320477518848,2786.0,2012-02-29
2012-03,-0.025214228181865785,0.8945467694137944,0.9170124826770557,2787.0,2012-03-31
2012-04,-0.025811930922809652,0.8804207936905268,0.923421336701999,2781.0,2012-04-30
2012-05,0.010949752350387823,0.9340242012494941,0.9267496594038357,2780.0,2012-05-31
2012-06,0.01914485017610415,0.9642735793577972,0.933204144370771,2779.0,2012-06-30
2012-07,0.023297557355350426,0.9351662638671127,0.9276436515677713,2769.0,2012-07-31
2012-08,0.10336756313961934,1.018844337832407,0.9139101926874619,2767.0,2012-08-31
2012-09,0.14363374447451815,1.0344357822009718,0.890970504482773,2759.0,2012-09-30
2012-10,-0.10140329309015172,0.8384914619782371,0.8976043773192071,2742.0,2012-10-31
2012-11,0.029290159898183538,0.8978695489522109,0.8719114511827392,2731.0,2012-11-30
2012-12,0.011381080520395492,0.9460991526202228,0.9087879225503551,2723.0,2012-12-31
2013-01,-0.0666689354633827,0.814178432005288,0.8852477414222255,2719.0,2013-01-31
2013-02,-0.02222218215076284,0.8243788906867956,0.9018314452875377,2712.0,2013-02-28
2013-03,-0.01541086064673751,0.8223454846490467,0.8808342846244788,2714.0,2013-03-31
2013-04,0.029725930567556375,0.9126287446810201,0.8709155903679862,2710.0,2013-04-30
2013-05,0.09843105555479162,0.9980362464077664,0.8881481217213277,2710.0,2013-05-31
2013-06,-0.045345338731378804,0.9986833605753415,0.8843949813453641,2705.0,2013-06-30
2013-07,0.022057103177520854,1.0046400140430305,0.8936959728261039,2690.0,2013-07-31
2013-08,-0.08668370106682155,1.1456514790060783,0.893990626098612,2690.0,2013-08-31
2013-09,0.00918475312749839,0.8211198298081276,0.751931803113271,2687.0,2013-09-30
2013-10,0.16036897524947213,0.6335760197305859,0.6647198687497828,2670.0,2013-10-31
2013-11,0.039387132873726916,0.8767276152471538,0.8590741999282537,2672.0,2013-11-30
2013-12,0.004013692668774715,0.9172594191308031,0.9346785985541763,2666.0,2013-12-31
2014-01,-0.009503879417109229,0.7988486954813276,0.89815951621743,2665.0,2014-01-31
2014-02,0.005397031091272264,0.9597024239231451,0.8362932859115659,2652.0,2014-02-28
2014-03,-0.012069164246018782,0.8742804469985459,0.9341042025754703,2655.0,2014-03-31
2014-04,-0.034278972208536096,1.1138534241021254,0.9264471216656823,2657.0,2014-04-30
2014-05,0.03750339053276616,0.6483065304176655,0.7887122240217523,2663.0,2014-05-31
2014-06,0.018336672218299432,0.9448323685660769,0.929021973683161,2680.0,2014-06-30
2014-07,-0.03587780574955701,0.8204840296552044,0.8953411913675915,2684.0,2014-07-31
2014-08,0.035656249502968446,0.8915432519433099,0.893067182405188,2693.0,2014-08-31
2014-09,-0.030063812352329328,0.7954972385851807,0.8593271808802491,2696.0,2014-09-30
2014-10,-0.015116707474762243,0.8644258789111152,0.8409868620662448,2707.0,2014-10-31
2014-11,-0.032162945304667026,0.8722929373759164,0.8945699539778853,2710.0,2014-11-30
2014-12,-0.030961763381745822,0.8748542644372387,0.8972435220732098,2714.0,2014-12-31
2015-01,0.004321859680810329,0.8428748498955063,0.8546596345933004,2710.0,2015-01-31
2015-02,-0.04659848817013909,0.8895200116920627,0.9305707172928026,2715.0,2015-02-28
2015-03,0.008251821375794702,0.9504565197487674,0.9025697856151182,2721.0,2015-03-31
2015-04,0.05130262212870241,1.0231755055523064,0.9241338998157476,2743.0,2015-04-30
2015-05,0.0010725633673140111,0.9281707617271235,0.9225242086209153,2754.0,2015-05-31
2015-06,-0.04035771675426801,0.8548670842676664,0.9272101506574577,2758.0,2015-06-30
2015-07,0.05813839814780389,1.0249054333316432,0.932966184982799,2763.0,2015-07-31
2015-08,-0.038789225954435,0.8536989340566618,0.9252199919931988,2780.0,2015-08-31
2015-09,0.05071109747016119,0.9986127352405629,0.9131183008085559,2784.0,2015-09-30
2015-10,-0.03969108999414768,0.8692118425995553,0.9181140062491281,2768.0,2015-10-31
2015-11,-0.008114922514103583,0.9148041480152376,0.9265632840354545,2782.0,2015-11-30
2015-12,-0.02343374233148641,0.900783231648767,0.8638185473740545,2787.0,2015-12-31
2016-01,0.015331874069826931,0.8949941255439756,0.9002051152237969,2783.0,2016-01-31
2016-02,-0.07135234460093962,0.8820444019095066,0.9086045142741064,2774.0,2016-02-29
2016-03,-0.027328974471402312,0.888458904384859,0.9132834719935045,2776.0,2016-03-31
2016-04,-0.0021191201126176396,0.9333190712647046,0.8933197440905423,2767.0,2016-04-30
2016-05,-0.025799579829375308,0.8908985244365242,0.9142840337222379,2758.0,2016-05-31
2016-06,0.0005336351205180723,0.97711045381416,0.9560173843070353,2761.0,2016-06-30
2016-07,0.03423120850583741,1.0023542323138073,0.9004472866170657,2761.0,2016-07-31
2016-08,0.04952707610573994,0.9580556170195096,0.8584611679271382,2779.0,2016-08-31
2016-09,0.0770619728231099,1.0508361626208513,0.8878375287726943,2770.0,2016-09-30
2016-10,-0.03778586879751421,0.8575148593075986,0.8782850896225275,2760.0,2016-10-31
2016-11,-0.018115105756650887,0.8357953011193175,0.870142820870549,2759.0,2016-11-30
2016-12,0.06133604068437998,0.9811306976382591,0.9091467547011723,2758.0,2016-12-31
2017-01,0.1367348553463337,0.9732433444151871,0.8534809763538646,2756.0,2017-01-31
2017-02,0.020019351873576008,0.9368749515418607,0.8703889164722594,2741.0,2017-02-28
2017-03,-0.07025264419651195,0.891673170051841,0.8920990794917815,2728.0,2017-03-31
2017-04,-0.009170645856860088,0.8443289850556215,0.9048765519228031,2717.0,2017-04-30
2017-05,0.016538619370079777,0.9023841611245585,0.9023456006849374,2720.0,2017-05-31
2017-06,0.020438033416502077,0.9368033060300612,0.892607699945757,2720.0,2017-06-30
2017-07,-0.04229704538092979,0.8638181500784768,0.9000923226163641,2720.0,2017-07-31
2017-08,0.00013759202174870588,0.7931911019450194,0.8670539809579804,2726.0,2017-08-31
2017-09,-0.014689709272694307,0.8984446483368838,0.9297180465436937,2717.0,2017-09-30
2017-10,0.07650722715416686,1.028217053177524,0.9072995216939467,2709.0,2017-10-31
2017-11,-0.05680070165194093,0.8490974667232286,0.874463677875779,2713.0,2017-11-30
2017-12,0.001996793478450748,0.946669639749577,0.9251072324546752,2705.0,2017-12-31
2018-01,-0.007082011909572222,0.9138461016257934,0.9262008246404622,2703.0,2018-01-31
2018-02,0.001340091169531793,0.8452435014586589,0.9129862755006,2698.0,2018-02-28
2018-03,-0.001922156939070066,0.9019557203256345,0.9043281602019209,2691.0,2018-03-31
2018-04,0.00040895168714372154,0.9988305649863352,0.9055059254336703,2695.0,2018-04-30
2018-05,0.03336332176558274,0.966050145681223,0.8733428304874495,2710.0,2018-05-31
2018-06,-0.013673686517536449,0.8827120161514246,0.9359989873473976,2708.0,2018-06-30
2018-07,0.01359637822022991,0.9388419617550104,0.9454557013165271,2717.0,2018-07-31
2018-08,0.03588859600567415,0.8764250768400138,0.9144391371879123,2719.0,2018-08-31
2018-09,-0.026741713874226747,0.7556160453089187,0.8546375794129507,2725.0,2018-09-30
2018-10,0.01967511951020834,0.9014900712295927,0.7874280867050166,2711.0,2018-10-31
2018-11,-0.031614972233463726,1.0162551147422763,0.85372787328562,2720.0,2018-11-30
2018-12,-0.01394942286659475,0.8599299876574927,0.9080718200677635,2725.0,2018-12-31
2019-01,-0.04792278946720255,0.8751230170828824,0.956284592980333,2724.0,2019-01-31
2019-02,0.03106798842313063,0.9598524245801643,0.9588407748938411,2722.0,2019-02-28
2019-03,-0.007302555055809177,0.7971496805413518,0.8821850993208035,2715.0,2019-03-31
2019-04,-0.0099234431578489,0.8417120101184594,0.9186883342340258,2717.0,2019-04-30
2019-05,-0.05234000833938676,0.8131829194191492,0.8612947225411673,2727.0,2019-05-31
2019-06,-0.03041175883664589,0.8444300106650786,0.8477517625709575,2744.0,2019-06-30
2019-07,-0.01201298396970614,0.9342547296782316,0.9152830514576318,2763.0,2019-07-31
2019-08,-0.057992569414075254,0.8013253977729837,0.8683990528397361,2773.0,2019-08-31
2019-09,0.006888067650017232,0.9582358025747273,0.9338682527148318,2768.0,2019-09-30
2019-10,0.10917335167867175,1.013567215370446,0.8994422901326465,2770.0,2019-10-31
2019-11,-0.001362170722994674,0.9116820325303158,0.8861075151098392,2777.0,2019-11-30
2019-12,0.15546033250494176,1.1383172690041592,0.9135350568417026,2763.0,2019-12-31
2020-01,-0.05479029196791177,0.5637759840584897,0.7765801443515215,2760.0,2020-01-31
2020-02,-0.05112295421489057,0.8965761298151091,0.9375863820113188,2759.0,2020-02-29
2020-03,0.0031466778623355715,0.9461750000811592,0.9216345189233105,2761.0,2020-03-31
2020-04,-0.032198050413276336,0.9404934960281504,0.9465062299928846,2758.0,2020-04-30
2020-05,0.06795617230637596,0.9768353058390219,0.8962753827628283,2774.0,2020-05-31
2020-06,-0.04805503212375323,0.9334478881160886,0.8873617878417583,2776.0,2020-06-30
2020-07,0.011283075207452167,0.8858729690290622,0.8997825857845656,2783.0,2020-07-31
2020-08,0.07028628243260107,0.9341460358952737,0.9208167043353384,2789.0,2020-08-31
2020-09,-0.0036167206494325532,1.037684799670255,0.9137840068414246,2787.0,2020-09-30
2020-10,0.007943691942980557,1.0168000363905447,0.9160548163274163,2786.0,2020-10-31
2020-11,-0.026799816340685956,0.9136687439100585,0.8745099023622495,2800.0,2020-11-30
2020-12,-0.03370159311983212,0.9443400023266715,0.9068800283290621,2801.0,2020-12-31
2021-01,0.08027001374824838,0.7745246429658424,0.8571406517053104,2799.0,2021-01-31
2021-02,0.10730649624540123,1.0528232707556788,0.9344298114702823,2807.0,2021-02-28
2021-03,0.37952506911280826,1.3908954263709794,0.8848238140939135,2811.0,2021-03-31
2021-04,-0.028493613524754657,0.7185360808970012,0.9007527819536211,2799.0,2021-04-30
2021-05,0.08152824522649749,0.7554488374604477,0.8499903983999922,2802.0,2021-05-31
2021-06,0.02715878656264792,0.8220080238522411,0.8822064637918253,2803.0,2021-06-30
2021-07,0.07149664724269944,0.8203983396269097,0.8596738736877276,2811.0,2021-07-31
2021-08,0.04377800669770626,0.8172213887978694,0.8631125489763156,2832.0,2021-08-31
2021-09,0.10689057923523815,0.91036715873677,0.8689272852426968,2847.0,2021-09-30
2021-10,0.0037814119174799377,1.012005275402856,0.9299673419371651,2875.0,2021-10-31
2021-11,-0.10534527987992243,0.6919024256157352,0.8856489740399477,2904.0,2021-11-30
2021-12,-0.017342245095410713,0.6312119907762129,0.6820218869424474,2925.0,2021-12-31
2022-01,-0.051942594781937274,0.7417965346994823,0.761212416559293,2963.0,2022-01-31
2022-02,-0.08762938978810081,0.7905314815273534,0.8998691731117757,2991.0,2022-02-28
2022-03,-0.02333163642261904,0.9119653772327388,0.897964428235208,3030.0,2022-03-31
2022-04,-0.019785939277275302,0.9318922934434284,0.9509691899945967,3097.0,2022-04-30
2022-05,-0.0676881976252271,0.7727165133025868,0.8864355913197995,3155.0,2022-05-31
2022-06,-0.039162403483358976,0.9140106567010691,0.9497024435813151,3200.0,2022-06-30
2022-07,0.0158407499487892,0.9688559215010489,0.94134961731764,3239.0,2022-07-31
2022-08,-0.031114784264178463,0.9302169838772311,0.9473020037015407,3293.0,2022-08-31
2022-09,-0.00407649843828875,0.916517211751492,0.9394405704983607,3316.0,2022-09-30
2022-10,-0.04226914436108725,0.9189634056796141,0.9461044227488351,3344.0,2022-10-31
2022-11,0.03756902632885037,0.9943900432146024,0.9230241160407895,3383.0,2022-11-30
2022-12,-0.015708318416039008,0.9495520322960465,0.9375686240532694,3369.0,2022-12-31
2023-01,0.05043668847754401,0.9447179521400155,0.9205137733983505,3390.0,2023-01-31
2023-02,-0.0043393633315611385,0.9337122930370677,0.913355248596972,3401.0,2023-02-28
2023-03,-0.03784175162093942,0.8366589324264829,0.8415175253753706,3391.0,2023-03-31
2023-04,0.1292676750182402,1.1339941201421455,0.8983973273015677,3393.0,2023-04-30
2023-05,0.019336618706755432,0.9416694537684549,0.8886032231653759,3395.0,2023-05-31
2023-06,0.06950084943964036,0.9446226974426035,0.8581931288516889,3380.0,2023-06-30
2023-07,-0.07993389688641848,0.8339370427671238,0.9008138330577022,3358.0,2023-07-31
2023-08,0.007679688652554769,0.9199197006342793,0.8730785052282304,3337.0,2023-08-31
2023-09,0.12464833779621816,1.103718793241221,0.8917096499491188,3336.0,2023-09-30
2023-10,-0.06450766940706372,0.8888542988361007,0.7597445790428375,3318.0,2023-10-31
2023-11,-0.01652084628805714,0.9509460443703254,0.9068000534492506,3290.0,2023-11-30
2023-12,0.033351685522352785,0.6699428678404479,0.7397760434382654,3265.0,2023-12-31
2024-01,-0.1143738432874413,0.7240644934054539,0.8808959068454814,3256.0,2024-01-31
2024-02,0.03212703740164558,1.0375856601385804,0.906829081717593,3244.0,2024-02-29
2024-03,0.057128316052095646,0.9456202727243328,0.8860688976560763,3221.0,2024-03-31
2024-04,0.0278651942400083,0.9054485554274427,0.8930158079127964,3201.0,2024-04-30
2024-05,0.0034544638924267276,0.8522079987100056,0.868216108297502,3182.0,2024-05-31
2024-06,-0.05542974458658739,0.7884983534455317,0.8645314326046192,3177.0,2024-06-30
2024-07,-0.04603326431796009,0.8733346549161484,0.9265485716066,3163.0,2024-07-31
2024-08,0.05542538970694957,0.9600413626672314,0.8879508456907852,3147.0,2024-08-31
2024-09,0.07949180949160647,0.9829546180467561,0.8830634137224773,3133.0,2024-09-30
2024-10,0.0943374161463924,1.1458945086970616,0.8826892429535385,3118.0,2024-10-31
2024-11,-0.0839418212983721,0.942724310362492,0.9289189483875709,3106.0,2024-11-30
2024-12,-0.056289806673694265,0.6814452597624661,0.9097490233676366,3080.0,2024-12-31
