method,specification,coefficient,estimate,conventional_se,conventional_t,nw_se,nw_t,nw_lag,months,mean_cross_section_n
OLS,1,intercept,0.005277646428969072,0.002585407789289311,2.041320696422832,0.002674270254741534,1.9734903080987047,3,618,2294.6294498381876
OLS,1,BM,0.000929277497183556,0.00018972776853104481,4.8979519675924506,0.00022152320197939453,4.194944316803414,4,618,2294.6294498381876
OLS,2,intercept,0.0072073346069884215,0.002797101453951831,2.576715476946922,0.003022215446055403,2.3847851801549877,4,618,2294.6294498381876
OLS,2,GP,0.0005760899385537547,0.00013100524212745823,4.397457149029675,0.0001522681950527779,3.783389816593513,5,618,2294.6294498381876
OLS,3,intercept,0.016800360473684748,0.002307850260447744,7.279657940383587,0.002493900458776331,6.7365802089503175,5,618,2294.6294498381876
OLS,3,Dur,-0.0011677344364703927,0.00017547921586703158,-6.654545558006352,0.00018316968044108142,-6.375151355062868,3,618,2294.6294498381876
OLS,4,intercept,0.00013756028380671031,0.002957647986477887,0.04651002568108988,0.003027496446889586,0.04543697613519518,2,618,2294.6294498381876
OLS,4,BM,0.0010785916835750569,0.00019173724029393003,5.625363554422676,0.0002203563801524479,4.894760400533268,4,618,2294.6294498381876
OLS,4,GP,0.0007847411253709001,0.00013018030222221408,6.0281095678466725,0.00014438665502804985,5.434997612614886,5,618,2294.6294498381876
OLS,5,intercept,0.014001305678949959,0.0022977233951995296,6.093555781432131,0.002485885968174119,5.632320170033344,4,618,2294.6294498381876
OLS,5,Dur,-0.000990381652184452,0.00019093411034780945,-5.187033633646459,0.00021716617787294153,-4.560478348354501,4,618,2294.6294498381876
OLS,5,BM,0.00033250162764113787,0.00019943020057904839,1.6672581518532035,0.000249726080280615,1.3314653690455909,5,618,2294.6294498381876
OLS,6,intercept,0.014832342690213633,0.002614441052212227,5.6732366092795035,0.0029732152582521614,4.988654167923581,5,618,2294.6294498381876
OLS,6,Dur,-0.0010616217512105929,0.00018712462954323126,-5.673340563462958,0.0001979922874353491,-5.361934876161511,4,618,2294.6294498381876
OLS,6,GP,0.00025159190055502574,0.00013483015050592913,1.8659913944393471,0.0001610292902087212,1.5623983700662163,5,618,2294.6294498381876
OLS,7,intercept,0.007431703614129452,0.002652528102500775,2.8017435921311904,0.002697417625941734,2.755117910796206,1,618,2294.6294498381876
OLS,7,Dur,-0.0006072780560921066,0.00022083220665213295,-2.749952397336338,0.0002559989297011491,-2.37218982439121,5,618,2294.6294498381876
OLS,7,BM,0.0006189048820454307,0.00022307289158092123,2.7744513358805802,0.0002756836045470339,2.2449825518725777,5,618,2294.6294498381876
OLS,7,GP,0.000525420117442893,0.0001481546480464143,3.546430195550044,0.00017066673583889127,3.078632252853817,6,618,2294.6294498381876
WLS,1,intercept,0.006411467225211594,0.0020943211300665458,3.061358228767846,0.0021284081310938897,3.0123297931193473,1,618,2293.6294498381876
WLS,1,BM,0.00018815349664435573,0.0002447799463325829,0.7686638528333987,0.00028837146333749917,0.6524691953452687,4,618,2293.6294498381876
WLS,2,intercept,0.004879080371666278,0.0022892171976356883,2.1313313462372245,0.0023195946308857793,2.1034194107455373,1,618,2293.6294498381876
WLS,2,GP,0.0003372255226907024,0.00018932387477973943,1.7812097025957907,0.00021978279171818463,1.534358172695832,4,618,2293.6294498381876
WLS,3,intercept,0.013348743286854611,0.0021010930779072623,6.353237477775268,0.0020993924761896106,6.358383884028455,0,618,2293.6294498381876
WLS,3,Dur,-0.0008421755120796396,0.0002383573230214778,-3.5332479044654868,0.0002488828311209735,-3.383823256455511,2,618,2293.6294498381876
WLS,4,intercept,0.0021872232788707016,0.0026462954711682406,0.8265227003941189,0.0026826331619472284,0.8153270114960756,1,618,2293.6294498381876
WLS,4,BM,0.0005107650517943446,0.000244622711227767,2.0879706926262203,0.0002796167983973186,1.8266608255365913,4,618,2293.6294498381876
WLS,4,GP,0.0005224563071574827,0.00017456818667971644,2.9928494824549174,0.00019210845657551275,2.7195903630203753,4,618,2293.6294498381876
WLS,5,intercept,0.014015453775621557,0.002891782784150158,4.846648182719727,0.0032640327379382696,4.2939072309901025,4,618,2293.6294498381876
WLS,5,Dur,-0.0008479311571527582,0.0002861094423564781,-2.9636601650367003,0.00031006866288240287,-2.7346560896234324,3,618,2293.6294498381876
WLS,5,BM,-0.0002553902944472571,0.0002814359915079747,-0.9074542778940212,0.000345837925677661,-0.7384681536787095,6,618,2293.6294498381876
WLS,6,intercept,0.00839642010457591,0.0033043742145274077,2.5410015813771167,0.003753389263608345,2.237023531234796,4,618,2293.6294498381876
WLS,6,Dur,-0.0005045482415095886,0.0003016446662737495,-1.672657593261402,0.0003541529035770884,-1.424662162623675,4,618,2293.6294498381876
WLS,6,GP,0.0004736660829069778,0.0002349626003148331,2.015921181806377,0.0002846258417822389,1.6641710392177584,5,618,2293.6294498381876
WLS,7,intercept,0.006537541366996562,0.0038816137952014866,1.6842328247798313,0.003878472059522668,1.6855971286283162,0,618,2293.6294498381876
WLS,7,Dur,-0.00036501311995451027,0.00034285660207627707,-1.0646232790736925,0.00034699770343473867,-1.0519179704691037,1,618,2293.6294498381876
WLS,7,BM,0.00014599437199080872,0.0002456785344332787,0.5942496047836765,0.00025520894223369264,0.5720582151746193,2,618,2293.6294498381876
WLS,7,GP,0.0005191956809315763,0.0002326592390334958,2.2315713018249324,0.00024631304856562663,2.107869168747038,2,618,2293.6294498381876
