date,cp_t
1952-06-01,0.0021164402477645682
1952-07-01,0.0006492356633383753
1952-08-01,0.0007798872175636892
1952-09-01,-0.0013309854287298101
1952-10-01,0.0052303077880582315
1952-11-01,0.001937678738746033
1952-12-01,0.0009219916777360778
1953-01-01,0.0027805850971696668
1953-02-01,0.0021044517987336524
1953-03-01,0.007643420993499631
1953-04-01,0.0004354677821919624
1953-05-01,-0.002011475930337129
1953-06-01,-0.001268238844743426
1953-07-01,0.002610601636740366
1953-08-01,0.0043360832727849866
1953-09-01,0.004184090706277278
1953-10-01,0.00798678232699135
1953-11-01,0.004508851065758414
1953-12-01,0.004283840975366311
1954-01-01,0.0034793033907558266
1954-02-01,0.009823209743644378
1954-03-01,0.011872526203179818
1954-04-01,0.017698459892842543
1954-05-01,0.030659548440886503
1954-06-01,0.025559981786742347
1954-07-01,0.02372234271618684
1954-08-01,0.02084827855729423
1954-09-01,0.01583945175875895
1954-10-01,0.019243664975817983
1954-11-01,0.0221977278397252
1954-12-01,0.02255844161766247
1955-01-01,0.01921793564478542
1955-02-01,0.020934353207023408
1955-03-01,0.01526468852807059
1955-04-01,0.011962763675103578
1955-05-01,0.012594405947934288
1955-06-01,0.014432292944864108
1955-07-01,0.010445243951201107
1955-08-01,0.008851690918249385
1955-09-01,0.013029573908576148
1955-10-01,0.012716985322134923
1955-11-01,0.0041323894942006945
1955-12-01,0.0006947106768322581
1956-01-01,0.008458288864502193
1956-02-01,0.008176507540252237
1956-03-01,0.002602780878802405
1956-04-01,-0.0018997038458507878
1956-05-01,0.005692057638236115
1956-06-01,0.00864605963139063
1956-07-01,0.008567609595791155
1956-08-01,0.013427783463143442
1956-09-01,0.013664172171666426
1956-10-01,0.010956512795039886
1956-11-01,0.004304548505118272
1956-12-01,0.004514241808308256
1957-01-01,0.006187745811067909
1957-02-01,0.008518382964627542
1957-03-01,0.011661734097377488
1957-04-01,0.013236376353720186
1957-05-01,0.012955160184753647
1957-06-01,0.01602503311298793
1957-07-01,0.012621930349667292
1957-08-01,0.014747464370521091
1957-09-01,0.0056741704566775734
1957-10-01,0.019387663408342214
1957-11-01,0.010037578061635032
1957-12-01,0.01448353250956697
1958-01-01,0.02212938054337569
1958-02-01,0.02331855143785682
1958-03-01,0.019268925573301808
1958-04-01,0.019055792242250708
1958-05-01,0.01574624707954078
1958-06-01,0.03344687875204571
1958-07-01,0.03426969419998504
1958-08-01,0.023332563258626232
1958-09-01,0.019871057397152562
1958-10-01,0.018294362335577803
1958-11-01,0.02448331645256185
1958-12-01,0.02626479372747382
1959-01-01,0.027964472721015397
1959-02-01,0.020093643282515995
1959-03-01,0.012560591692491577
1959-04-01,0.015570379101447415
1959-05-01,0.015383195181320922
1959-06-01,0.015607923389832492
1959-07-01,0.014918128746772296
1959-08-01,0.01607122223500898
1959-09-01,0.011984266992829645
1959-10-01,0.025551553942120667
1959-11-01,0.019518931309410882
1959-12-01,0.01102043092851265
1960-01-01,0.011156297621357055
1960-02-01,0.015368311035267031
1960-03-01,0.016273658440277936
1960-04-01,0.022746181743754958
1960-05-01,0.012963438018498741
1960-06-01,0.02062694293036573
1960-07-01,0.025327411877722777
1960-08-01,0.02595256825307978
1960-09-01,0.03599223643521187
1960-10-01,0.02921080860287983
1960-11-01,0.03404372029304775
1960-12-01,0.024112497147524045
1961-01-01,0.024342896760658775
1961-02-01,0.019288345760613026
1961-03-01,0.014791104192050136
1961-04-01,0.004369743351562878
1961-05-01,0.002620559408066339
1961-06-01,0.02114940586662806
1961-07-01,0.023014325519776776
1961-08-01,0.02965593587186463
1961-09-01,0.025200522877964288
1961-10-01,0.015169031808999131
1961-11-01,0.010081088080677796
1961-12-01,0.017232473277538227
1962-01-01,0.01938177114502178
1962-02-01,0.016722612636501884
1962-03-01,0.01981779276825849
1962-04-01,0.01932718310858997
1962-05-01,0.019606356952498134
1962-06-01,0.01689136931846423
1962-07-01,0.01394727617409124
1962-08-01,0.016466815787625228
1962-09-01,0.01592631773448682
1962-10-01,0.013472521399976692
1962-11-01,0.014151361013857656
1962-12-01,0.013395399264643986
1963-01-01,0.01652660912144207
1963-02-01,0.01669770056672435
1963-03-01,0.02151576693277749
1963-04-01,0.01946100875637301
1963-05-01,0.02027376091255962
1963-06-01,0.02151588526568196
1963-07-01,0.014913407741127881
1963-08-01,0.014067845786883925
1963-09-01,0.013558534626644459
1963-10-01,0.014446416542918991
1963-11-01,0.011420328791484038
1963-12-01,0.013068214675647893
1964-01-01,0.010137515919519103
1964-02-01,0.009689895108448924
1964-03-01,0.014203642688197314
1964-04-01,0.013874647862262987
1964-05-01,0.013887603743417187
1964-06-01,0.01473342830583561
1964-07-01,0.016584244205833716
1964-08-01,0.015399971946336313
1964-09-01,0.014176307233091875
1964-10-01,0.012442670045485788
1964-11-01,0.009413898760389536
1964-12-01,0.008430647821258696
1965-01-01,0.007059704083334718
1965-02-01,0.004286615980478269
1965-03-01,0.0052125099857215605
1965-04-01,0.006006863438989998
1965-05-01,0.005886015156666383
1965-06-01,0.009450586766884317
1965-07-01,0.012508606000767447
1965-08-01,0.011279558902220231
1965-09-01,0.009928433374716737
1965-10-01,0.012397996665387451
1965-11-01,0.013789132093502954
1965-12-01,0.014531000708094596
1966-01-01,0.01426069153977957
1966-02-01,0.014468666931835416
1966-03-01,0.01214911249474893
1966-04-01,0.010741431528920202
1966-05-01,0.01303011541667979
1966-06-01,0.014444881194537698
1966-07-01,0.013355285895766025
1966-08-01,0.016755163025943896
1966-09-01,0.008696917548230793
1966-10-01,0.00851160358516315
1966-11-01,0.012322874600808442
1966-12-01,0.007396586547418645
1967-01-01,0.015271787096164773
1967-02-01,0.013303774306335388
1967-03-01,0.015160286192147016
1967-04-01,0.020518103200091446
1967-05-01,0.019122952915240327
1967-06-01,0.01660676922462934
1967-07-01,0.01155566594911394
1967-08-01,0.011317777832492628
1967-09-01,0.01504957488065405
1967-10-01,0.010845764077147026
1967-11-01,0.008949348958442412
1967-12-01,0.012686503960263083
1968-01-01,0.01552579975398806
1968-02-01,0.016934931002815606
1968-03-01,0.021178560532275962
1968-04-01,0.021689262199572838
1968-05-01,0.01563288569590653
1968-06-01,0.01348839427904815
1968-07-01,0.006479463613720943
1968-08-01,0.00791233924231333
1968-09-01,0.004234969939279087
1968-10-01,0.0009943841095066096
1968-11-01,0.002240616950441858
1968-12-01,0.011618255269921347
1969-01-01,-0.0016932628294839755
1969-02-01,0.0037577087669141696
1969-03-01,0.009519435191469253
1969-04-01,0.002460307310054345
1969-05-01,0.007143271709168501
1969-06-01,0.004083168793974391
1969-07-01,0.003110871914808685
1969-08-01,0.00599281038051715
1969-09-01,0.017657374027669585
1969-10-01,0.01773281117071446
1969-11-01,0.014490730183866068
1969-12-01,0.0257962839445757
1970-01-01,0.020936648655927086
1970-02-01,0.02167932207061289
1970-03-01,0.027786821829854844
1970-04-01,0.026254786913922287
1970-05-01,0.01946514490045371
1970-06-01,0.025650699020553468
1970-07-01,0.03083945348483599
1970-08-01,0.03078509378421177
1970-09-01,0.025944026334617072
1970-10-01,0.026186671776889686
1970-11-01,0.02791509089630845
1970-12-01,0.025687208687253774
1971-01-01,0.042383396388104386
1971-02-01,0.03798196296785034
1971-03-01,0.0306057312155021
1971-04-01,0.03025021750359046
1971-05-01,0.020188026779717753
1971-06-01,0.02121961291954135
1971-07-01,0.02951545317842496
1971-08-01,0.01951943693195982
1971-09-01,0.020420368662539042
1971-10-01,0.02419134584708056
1971-11-01,0.023058399171230842
1971-12-01,0.022532442060220384
1972-01-01,0.03125869095258115
1972-02-01,0.030343036613295925
1972-03-01,0.024747479897711436
1972-04-01,0.02878785197487991
1972-05-01,0.029188623445378002
1972-06-01,0.025604206555051627
1972-07-01,0.03254623185159069
1972-08-01,0.03007983060159145
1972-09-01,0.019871944239541868
1972-10-01,0.02493663383076012
1972-11-01,0.026810769964266668
1972-12-01,0.018409229292859958
1973-01-01,0.021300765364408978
1973-02-01,0.01864397832184636
1973-03-01,0.008573578577707533
1973-04-01,0.010918523594659384
1973-05-01,0.006371489677696809
1973-06-01,0.0025134219079580404
1973-07-01,0.01362978064694816
1973-08-01,-0.002377405778167214
1973-09-01,0.0005427048033129003
1973-10-01,0.01174913255367873
1973-11-01,0.006561207815680321
1973-12-01,0.01048414116399898
1974-01-01,0.015988084480073998
1974-02-01,0.013636771060213541
1974-03-01,0.009912221683491006
1974-04-01,0.011452667900584135
1974-05-01,0.01659231819052695
1974-06-01,0.01779526761188746
1974-07-01,0.018772010241491173
1974-08-01,0.00043358161329931644
1974-09-01,0.01529708121304385
1974-10-01,0.0193909427912684
1974-11-01,0.015942520012130347
1974-12-01,0.018278737499570662
1975-01-01,0.02844782372364195
1975-02-01,0.02164873549782626
1975-03-01,0.033149813537201436
1975-04-01,0.03598859059291295
1975-05-01,0.03382118800143144
1975-06-01,0.01789284138099606
1975-07-01,0.022322456205770294
1975-08-01,0.023903277068171545
1975-09-01,0.03292687275119445
1975-10-01,0.027585901877507958
1975-11-01,0.019806602306781856
1975-12-01,0.02999753182384346
1976-01-01,0.04168760057605779
1976-02-01,0.03262874276926543
1976-03-01,0.033760032931921716
1976-04-01,0.02716846846135959
1976-05-01,0.02812666408237842
1976-06-01,0.03165601322994247
1976-07-01,0.033473873304339125
1976-08-01,0.03223925587180082
1976-09-01,0.027187577166904238
1976-10-01,0.028380971777769652
1976-11-01,0.028008893677535403
1976-12-01,0.02314334430738519
1977-01-01,0.03626760266252362
1977-02-01,0.03945947889018823
1977-03-01,0.03750236671676224
1977-04-01,0.03839280023351968
1977-05-01,0.032480585138330194
1977-06-01,0.029050262317398226
1977-07-01,0.027143149633862038
1977-08-01,0.023698896010314947
1977-09-01,0.02036776381931768
1977-10-01,0.022280240241560556
1977-11-01,0.02101178985623281
1977-12-01,0.022892483784689208
1978-01-01,0.02396747872075236
1978-02-01,0.024730483049169957
1978-03-01,0.025639425411763693
1978-04-01,0.023697923581809208
1978-05-01,0.0192175568526525
1978-06-01,0.019312382261321107
1978-07-01,0.01695269503025018
1978-08-01,0.015652679605393988
1978-09-01,0.013325337809532226
1978-10-01,0.017276017125491573
1978-11-01,0.002428879455501319
1978-12-01,0.0021789796667228967
1979-01-01,-0.002287399730749852
1979-02-01,0.0026232639067923155
1979-03-01,0.005985457008715014
1979-04-01,0.005403662149743388
1979-05-01,0.007623153383539749
1979-06-01,0.014671226459174576
1979-07-01,0.009948627891112234
1979-08-01,0.00610234683473574
1979-09-01,0.0007683094153783654
1979-10-01,-0.001355642402599
1979-11-01,-0.006984842947202953
1979-12-01,0.002904108961524224
1980-01-01,0.005975145029277776
1980-02-01,0.003187002234005386
1980-03-01,-0.02634313597190876
1980-04-01,0.0056692765497043385
1980-05-01,0.030355706873560928
1980-06-01,0.030578219262926143
1980-07-01,0.024751514446521593
1980-08-01,0.023260480399704853
1980-09-01,0.024557512955425756
1980-10-01,0.0057442371181695775
1980-11-01,0.0016759531748369444
1980-12-01,0.014745009425098383
1981-01-01,0.009181394321459105
1981-02-01,0.019087978932994173
1981-03-01,0.028638397341121835
1981-04-01,0.022572520615946536
1981-05-01,0.018548713835902467
1981-06-01,0.03959647908705712
1981-07-01,0.014808570432970451
1981-08-01,0.010965782607891425
1981-09-01,0.05915586446273489
1981-10-01,0.04219962664715735
1981-11-01,0.04672466076076507
1981-12-01,0.04303258841299638
1982-01-01,0.04118758587578131
1982-02-01,0.029006499260957358
1982-03-01,0.041043134410319794
1982-04-01,0.027106196588202458
1982-05-01,0.03189952556888065
1982-06-01,0.017943483486097936
1982-07-01,0.021092727431681946
1982-08-01,0.0539130956366781
1982-09-01,0.028016666236050244
1982-10-01,0.03172002211113801
1982-11-01,0.05620248305013589
1982-12-01,0.05043691944208717
1983-01-01,0.033100745424680535
1983-02-01,0.047397390854853436
1983-03-01,0.023563915947561583
1983-04-01,0.033717103186272857
1983-05-01,0.038128304235129584
1983-06-01,0.03172623458687935
1983-07-01,0.046547507890368996
1983-08-01,0.0433618585388708
1983-09-01,0.03085669494942353
1983-10-01,0.04727088445441252
1983-11-01,0.04941226275916066
1983-12-01,0.044782966526786705
1984-01-01,0.04272952302065793
1984-02-01,0.04417681862795025
1984-03-01,0.04468027004172539
1984-04-01,0.040886884029638415
1984-05-01,0.04111315108321678
1984-06-01,0.04328873711432746
1984-07-01,0.033923700996722844
1984-08-01,0.03497701757013395
1984-09-01,0.040526336811491495
1984-10-01,0.039131794323963257
1984-11-01,0.05014865412629642
1984-12-01,0.04606573484171521
1985-01-01,0.0537891013151367
1985-02-01,0.0541597571040388
1985-03-01,0.056254697475419016
1985-04-01,0.05655499634444353
1985-05-01,0.05482409606117143
1985-06-01,0.05647579878810373
1985-07-01,0.06280501603406165
1985-08-01,0.05435390905705482
1985-09-01,0.05148499453508802
1985-10-01,0.044677494965789634
1985-11-01,0.04103312934400191
1985-12-01,0.03459474098235102
1986-01-01,0.035031684901993806
1986-02-01,0.025586939597715644
1986-03-01,0.02805083053376383
1986-04-01,0.03072206706957032
1986-05-01,0.042114525133282864
1986-06-01,0.03809647327396652
1986-07-01,0.03267702134983801
1986-08-01,0.03382739063422939
1986-09-01,0.040425834404860195
1986-10-01,0.0315761505554254
1986-11-01,0.03059308032020311
1986-12-01,0.020578310413933897
1987-01-01,0.02903038949237379
1987-02-01,0.026185752415737007
1987-03-01,0.02460524629400293
1987-04-01,0.03349495891520519
1987-05-01,0.031073444531229878
1987-06-01,0.031212005029494623
1987-07-01,0.03271282868186002
1987-08-01,0.03302632687636555
1987-09-01,0.03876651034175784
1987-10-01,0.044311427911480114
1987-11-01,0.04009377747544434
1987-12-01,0.03100178949926833
1988-01-01,0.03085245336805055
1988-02-01,0.02855900820638748
1988-03-01,0.031304679584424615
1988-04-01,0.03410091377516701
1988-05-01,0.03285185301494223
1988-06-01,0.027296961137593383
1988-07-01,0.026943619684196625
1988-08-01,0.02694557853048575
1988-09-01,0.022815230905322427
1988-10-01,0.021866712577963784
1988-11-01,0.023513530771169744
1988-12-01,0.021344976614804903
1989-01-01,0.02040649224043114
1989-02-01,0.021415578205861638
1989-03-01,0.01553934092588699
1989-04-01,0.018076446282902302
1989-05-01,0.018430964260199495
1989-06-01,0.01241639659256693
1989-07-01,0.01667138129467967
1989-08-01,0.017809006974393582
1989-09-01,0.017683744262134198
1989-10-01,0.0197035479802262
1989-11-01,0.01938696677341504
1989-12-01,0.019173141502729578
1990-01-01,0.021093074360680822
1990-02-01,0.023087720714079454
1990-03-01,0.022052833743715874
1990-04-01,0.02598271652113173
1990-05-01,0.02403945667490779
1990-06-01,0.023045845163229814
1990-07-01,0.022605087104619684
1990-08-01,0.030402581952952992
1990-09-01,0.029407552005805283
1990-10-01,0.028531261388625412
1990-11-01,0.026947579292400825
1990-12-01,0.025692892431170615
1991-01-01,0.03251315547432038
1991-02-01,0.03354635047990475
1991-03-01,0.03439176380255293
1991-04-01,0.039537383454522165
1991-05-01,0.03781709896830558
1991-06-01,0.04152776655658251
1991-07-01,0.04121064662756258
1991-08-01,0.040422130955209315
1991-09-01,0.04038693459431757
1991-10-01,0.04142048251865619
1991-11-01,0.04427060046103022
1991-12-01,0.04740645434955402
1992-01-01,0.05137723202939045
1992-02-01,0.04858472555345554
1992-03-01,0.05361891750046075
1992-04-01,0.051827184661932126
1992-05-01,0.046532236709408654
1992-06-01,0.048214346477456906
1992-07-01,0.04853635664521031
1992-08-01,0.048524100017077944
1992-09-01,0.04478294549003866
1992-10-01,0.04784657434729134
1992-11-01,0.050364826796056084
1992-12-01,0.04625931022267917
1993-01-01,0.03885224848316212
1993-02-01,0.03934829970304349
1993-03-01,0.040809056237267105
1993-04-01,0.03985023993822635
1993-05-01,0.0354428715165124
1993-06-01,0.030904998911318503
1993-07-01,0.029291900683848106
1993-08-01,0.02695088884239021
1993-09-01,0.030237926816873015
1993-10-01,0.02924707597883421
1993-11-01,0.032513594695701725
1993-12-01,0.03311366791560286
1994-01-01,0.029229578815459654
1994-02-01,0.03256963237901726
1994-03-01,0.03781989549354213
1994-04-01,0.037957961164601664
1994-05-01,0.034128567609748375
1994-06-01,0.03577903786447566
1994-07-01,0.03266567364828072
1994-08-01,0.030308287282798232
1994-09-01,0.03271655923916757
1994-10-01,0.032809147761562414
1994-11-01,0.028841733470995598
1994-12-01,0.02561457746226136
1995-01-01,0.026082697264116897
1995-02-01,0.023577269782900208
1995-03-01,0.023959080882302225
1995-04-01,0.02416509357066373
1995-05-01,0.018468673028430888
1995-06-01,0.02053690968669385
1995-07-01,0.023928574510546564
1995-08-01,0.020950545092734627
1995-09-01,0.020113955964872105
1995-10-01,0.01926817383971913
1995-11-01,0.017536053502469295
1995-12-01,0.017989389956080227
1996-01-01,0.018517955027055052
1996-02-01,0.02152988721054345
1996-03-01,0.02456753543601912
1996-04-01,0.026469554547746472
1996-05-01,0.027341930131058928
1996-06-01,0.025329086094073795
1996-07-01,0.024088637290738027
1996-08-01,0.02702573360961983
1996-09-01,0.025451821894042742
1996-10-01,0.02319824328674284
1996-11-01,0.01867720216790813
1996-12-01,0.023163973064321056
1997-01-01,0.02125061567579303
1997-02-01,0.02278086506799955
1997-03-01,0.025947176269291744
1997-04-01,0.02367322027776674
1997-05-01,0.024063570237678703
1997-06-01,0.024888953607922513
1997-07-01,0.017254438446606797
1997-08-01,0.022023111173440087
1997-09-01,0.020763982817751124
1997-10-01,0.01849330221037019
1997-11-01,0.019289573251039423
1997-12-01,0.016396679845876568
1998-01-01,0.017181210286760562
1998-02-01,0.017278440845466
1998-03-01,0.017888636560942417
1998-04-01,0.01731710368337004
1998-05-01,0.018240813500669667
1998-06-01,0.01707473387034912
1998-07-01,0.01508796433207785
1998-08-01,0.012761643933668559
1998-09-01,0.007171086176730866
1998-10-01,0.01102924065553754
1998-11-01,0.016380927602371417
1998-12-01,0.016705458046062993
1999-01-01,0.014516420902700038
1999-02-01,0.021136976547512735
1999-03-01,0.019478337921013486
1999-04-01,0.01857623806096513
1999-05-01,0.022630964196021466
1999-06-01,0.017311688090859378
1999-07-01,0.02109442469520673
1999-08-01,0.02231645777653186
1999-09-01,0.020734620220793115
1999-10-01,0.022386986926261565
1999-11-01,0.018767206411266276
1999-12-01,0.01858313233642666
2000-01-01,0.01577887041076298
2000-02-01,0.01631231638481275
2000-03-01,0.010846044402028191
2000-04-01,0.013628867819813584
2000-05-01,0.016406012415355647
2000-06-01,0.01226784662206867
2000-07-01,0.01242369731069997
2000-08-01,0.00966727406034349
2000-09-01,0.008999564993679817
2000-10-01,0.009679584938189083
2000-11-01,0.009999877934652478
2000-12-01,0.009497189886363232
2001-01-01,0.016858495662962533
2001-02-01,0.017056985886630748
2001-03-01,0.01917977681382225
2001-04-01,0.026541148818054423
2001-05-01,0.03099201935283414
2001-06-01,0.03083285264711686
2001-07-01,0.030351703150092363
2001-08-01,0.029317777370275723
2001-09-01,0.03261190604996703
2001-10-01,0.03407939647077928
2001-11-01,0.042868632636348644
2001-12-01,0.04740919878774117
2002-01-01,0.04319783392039887
2002-02-01,0.041182098563280686
2002-03-01,0.04328575560819982
2002-04-01,0.04334642752351059
2002-05-01,0.03818786599980668
2002-06-01,0.03937732298263567
2002-07-01,0.03635068195071778
2002-08-01,0.03036764305371408
2002-09-01,0.023744314037097067
2002-10-01,0.02762870125317214
2002-11-01,0.035012189884179756
2002-12-01,0.028399414625479482
2003-01-01,0.03192568298875813
2003-02-01,0.026782499832716366
2003-03-01,0.0299014621748534
2003-04-01,0.03023087119590935
2003-05-01,0.019535039887383657
2003-06-01,0.023978331081190043
2003-07-01,0.03598095467083205
2003-08-01,0.038010085800182565
2003-09-01,0.029840802217899122
2003-10-01,0.03370936012914165
2003-11-01,0.032704707526881316
2003-12-01,0.03305549906985242
2004-01-01,0.03232690986829196
2004-02-01,0.030603601823878238
2004-03-01,0.027954350186270287
2004-04-01,0.036611233296512904
2004-05-01,0.03702989615458038
2004-06-01,0.031504522454276415
2004-07-01,0.029203608022786893
2004-08-01,0.024584825170517487
2004-09-01,0.022801120117721462
2004-10-01,0.02101368483466974
2004-11-01,0.021623381446567485
2004-12-01,0.019048950299655417
2005-01-01,0.01633772204507182
2005-02-01,0.0177058311136721
2005-03-01,0.0180884605239566
2005-04-01,0.013723599341904726
2005-05-01,0.0114811960522768
2005-06-01,0.010501631997862394
2005-07-01,0.014002685786742321
2005-08-01,0.009232155353354386
2005-09-01,0.011124136775561993
2005-10-01,0.012268180164024454
2005-11-01,0.009731204445100932
2005-12-01,0.008979668967931044
2006-01-01,0.010059889500919478
2006-02-01,0.010074341157132741
2006-03-01,0.011038815613047235
2006-04-01,0.011751422028932604
2006-05-01,0.010212653347179704
2006-06-01,0.008221975146607267
2006-07-01,0.006814044988411365
2006-08-01,0.006437650537216573
2006-09-01,0.005605792450169171
2006-10-01,0.004963921005466099
2006-11-01,0.003400862500658283
2006-12-01,0.005726546556396091
2007-01-01,0.005629954378348793
2007-02-01,0.004812021042928421
2007-03-01,0.006913954153128801
2007-04-01,0.0051162158738246935
2007-05-01,0.008202817005549885
2007-06-01,0.011013050917090251
2007-07-01,0.008836648941340404
2007-08-01,0.01011443441081768
2007-09-01,0.012939447458910205
2007-10-01,0.011520322079450224
2007-11-01,0.013408358397679263
2007-12-01,0.011602359497560187
2008-01-01,0.016070386718572072
2008-02-01,0.01780440573398319
2008-03-01,0.021931444528589875
2008-04-01,0.024118866049881397
2008-05-01,0.026680954335628466
2008-06-01,0.02402984053453708
2008-07-01,0.021563708897168313
2008-08-01,0.020169633961068464
2008-09-01,0.022665431484083252
2008-10-01,0.013066467467786703
2008-11-01,-0.005693927284883497
2008-12-01,0.004773479007127032
2009-01-01,0.013326399858860978
2009-02-01,0.019596107902061607
2009-03-01,0.013643301238081506
2009-04-01,0.02470122122542742
2009-05-01,0.02557822659989776
2009-06-01,0.033397124799859235
2009-07-01,0.029320328458492275
2009-08-01,0.03012561605356951
2009-09-01,0.027193307184367157
2009-10-01,0.030664628760364278
2009-11-01,0.025605389972283742
2009-12-01,0.031613073924876056
2010-01-01,0.029529227768609778
2010-02-01,0.029680659434305427
2010-03-01,0.0346181930640813
2010-04-01,0.03316465602499351
2010-05-01,0.03159002373551256
2010-06-01,0.025732075364626128
2010-07-01,0.018471736436966986
2010-08-01,0.0149574289214692
2010-09-01,0.013580693489701262
2010-10-01,0.012094925161381205
2010-11-01,0.015234820656328227
2010-12-01,0.025403988414786784
2011-01-01,0.022047794552295778
2011-02-01,0.02714637878583295
2011-03-01,0.029421473305075215
2011-04-01,0.024195632370889394
2011-05-01,0.018956523901779813
2011-06-01,0.02160673641655407
2011-07-01,0.012207157509967289
2011-08-01,0.007542527301480913
2011-09-01,0.008422051468866699
2011-10-01,0.008690576636202485
2011-11-01,0.00888227280838887
2011-12-01,0.006674159459068492
2012-01-01,0.005151169259559973
2012-02-01,0.0076696049477044306
2012-03-01,0.011237514915858384
2012-04-01,0.008464436261676044
2012-05-01,0.007181796818303573
2012-06-01,0.007898840092893208
2012-07-01,0.004852917279120672
2012-08-01,0.003724025973083557
2012-09-01,0.0052222693978540785
2012-10-01,0.006392754856037792
2012-11-01,0.004643334223438721
2012-12-01,0.006985574439588406
2013-01-01,0.009703512964989109
2013-02-01,0.007481347223309332
2013-03-01,0.007877865596508132
2013-04-01,0.006011892670032319
2013-05-01,0.012061557996992689
2013-06-01,0.01928045703049691
2013-07-01,0.018260177332198587
2013-08-01,0.024882607306000552
2013-09-01,0.020134369366742035
2013-10-01,0.018569994212509572
2013-11-01,0.01842616690707347
2013-12-01,0.0250892570365921
2014-01-01,0.022100630997292127
2014-02-01,0.022202470407679243
2014-03-01,0.027176632200836454
2014-04-01,0.02675834525655918
2014-05-01,0.024110816743362067
2014-06-01,0.025441056669287053
2014-07-01,0.031138769548649227
2014-08-01,0.028514627031944125
2014-09-01,0.030570484916854282
2014-10-01,0.027725510948343385
2014-11-01,0.024562518519111575
2014-12-01,0.027501422697883852
2015-01-01,0.019054431741962766
2015-02-01,0.02434882698641118
2015-03-01,0.020501646022628363
2015-04-01,0.02103932052744875
2015-05-01,0.02135796873766746
2015-06-01,0.022859193463903194
2015-07-01,0.02097379705088493
2015-08-01,0.021432061356586905
2015-09-01,0.018216812827202965
2015-10-01,0.02018484586729715
2015-11-01,0.018439781646891487
2015-12-01,0.019752158857689803
2016-01-01,0.014634771288110332
2016-02-01,0.012723783686642925
2016-03-01,0.011278394719617947
2016-04-01,0.013304537829164688
2016-05-01,0.013734596571219533
2016-06-01,0.009864731947727677
2016-07-01,0.0093002860963432
2016-08-01,0.01171733877260404
2016-09-01,0.010282552487896404
2016-10-01,0.012357929747301424
2016-11-01,0.021518651952655177
2016-12-01,0.020421951021559026
2017-01-01,0.020220442220670973
2017-02-01,0.020205738535732216
2017-03-01,0.019001249780791037
2017-04-01,0.015883556219940972
2017-05-01,0.012978941564590911
2017-06-01,0.013591107819335707
2017-07-01,0.013270377067382001
2017-08-01,0.010686778474268004
2017-09-01,0.012974334890754396
2017-10-01,0.011614059927733537
2017-11-01,0.011727245850008398
2017-12-01,0.011268026760342494
2018-01-01,0.014579160724122176
2018-02-01,0.0151591472323979
2018-03-01,0.012138733110398247
2018-04-01,0.014182714277428659
2018-05-01,0.013035687414253963
2018-06-01,0.012126910592208788
2018-07-01,0.011356156057681224
2018-08-01,0.010507209373100804
2018-09-01,0.011047264865749959
2018-10-01,0.010261536463169792
2018-11-01,0.007987633257962421
2018-12-01,0.004607659611352011
2019-01-01,0.0042122919494616325
2019-02-01,0.005173662903320199
2019-03-01,0.0033334741517420576
2019-04-01,0.0038197290410948246
2019-05-01,0.0011570102382225129
2019-06-01,0.0015819937650378268
2019-07-01,0.0017607785074844496
2019-08-01,-0.0015455061855105942
2019-09-01,0.000342212620365206
2019-10-01,0.0029700673739928027
2019-11-01,0.0036880805349737396
2019-12-01,0.0060920904696775986
2020-01-01,0.0011055759052072157
2020-02-01,0.0016361515184896173
2020-03-01,0.003374319843506538
2020-04-01,0.003647845030686621
2020-05-01,0.0018280680994646643
2020-06-01,0.00020277192645497006
2020-07-01,0.0015298231421629757
2020-08-01,0.0017743132394460316
2020-09-01,0.0015595433054866694
2020-10-01,0.0033339483192208743
2020-11-01,0.003306639240630027
2020-12-01,0.003107056048911329
2021-01-01,0.003758150968136833
2021-02-01,0.008937667805058006
2021-03-01,0.01237673262686034
2021-04-01,0.010813066063319849
2021-05-01,0.009936719093004365
2021-06-01,0.012379205095833375
2021-07-01,0.011024704390772373
2021-08-01,0.012157840454245152
2021-09-01,0.015115250382892626
2021-10-01,0.018537574579135015
2021-11-01,0.018347334540412912
2021-12-01,0.016010645241939903
2022-01-01,0.016374514948538886
2022-02-01,0.014993206758676143
2022-03-01,0.01767449770544511
2022-04-01,0.01832445521761854
2022-05-01,0.017167287333739338
2022-06-01,0.01004167810724609
2022-07-01,0.0018219578787732026
2022-08-01,0.00976130065648393
2022-09-01,0.009908849939789445
2022-10-01,0.006116442800109732
2022-11-01,-0.0037612919384173403
2022-12-01,-0.0014194473738508157
2023-01-01,-0.006623085141898166
2023-02-01,-0.004516691626575364
2023-03-01,-0.003265326865997214
2023-04-01,-0.007951536833645995
2023-05-01,-0.008251603376411785
2023-06-01,-0.007342006711788439
2023-07-01,-0.007668042238662451
2023-08-01,-0.005343609796545502
2023-09-01,-0.0006322834412434697
2023-10-01,0.0037816067665433876
2023-11-01,-0.0012279369989329873
2023-12-01,-0.002851854766180658
2024-01-01,-0.003094287173795833
2024-02-01,1.0836553199011084e-05
2024-03-01,-0.0001372861819903537
2024-04-01,0.0035961953507103288
2024-05-01,0.00048028120151059894
2024-06-01,0.00029041669155299016
2024-07-01,-0.002264596490812655
2024-08-01,0.0005363936808225646
2024-09-01,0.0039247886380373645
2024-10-01,0.008886162619838489
2024-11-01,0.007333282283847619
2024-12-01,0.013359596998124685
