weighting,specification,coefficient,estimate,dk_se,dk_t,observations,months,bandwidth
VW,1,intercept,0.005681804434359972,0.002090489563131399,2.7179300650748277,6180,618,5
VW,1,BM,0.0003929084486774598,0.00027157803170629543,1.4467607936063844,6180,618,5
VW,2,intercept,0.005358599133252918,0.0023634273563714015,2.267300121921259,6180,618,5
VW,2,GP,0.000272033699689342,0.00023693160659412602,1.14815285136418,6180,618,5
VW,3,intercept,0.012322187141359872,0.0020620934480730007,5.975571646801359,6180,618,5
VW,3,Dur,-0.0007044918859743103,0.0002324698428387573,-3.030465704159962,6180,618,5
VW,4,intercept,-0.0024052042170466478,0.004617970551927435,-0.5208357632429619,12360,618,5
VW,4,BM,0.0010478264945399292,0.00047002297476046436,2.229309099356107,12360,618,5
VW,4,GP,0.000970112032689716,0.00043981541145261615,2.205725418956202,12360,618,5
VW,5,intercept,0.013082267259382255,0.0030952054976627007,4.226623165816014,12360,618,5
VW,5,Dur,-0.0008686371600217878,0.0003143679608759188,-2.7631224174420224,12360,618,5
VW,5,BM,4.522971982147057e-06,0.00032697722307544386,0.01383268210429283,12360,618,5
VW,6,intercept,0.014096416870585831,0.003401265913338398,4.144461865008951,12360,618,5
VW,6,Dur,-0.0010191174863797736,0.0003386362842491321,-3.009475161941054,12360,618,5
VW,6,GP,-4.8114219654889764e-05,0.00026028771028846563,-0.18485013987624252,12360,618,5
VW,7,intercept,0.015097133893591642,0.008118634106127317,1.8595657466811435,18540,618,5
VW,7,Dur,-0.0011224854148563627,0.0005403943601920044,-2.077159751366648,18540,618,5
VW,7,BM,-8.104216918253593e-05,0.0006069379420745598,-0.1335262859091123,18540,618,5
VW,7,GP,-5.043627076955992e-05,0.0005087691028884513,-0.09913391061528,18540,618,5
EW,1,intercept,0.005413598802887279,0.0026335178302727903,2.0556529903298646,6180,618,5
EW,1,BM,0.0009046016117001252,0.0002599931863270452,3.4793281488624386,6180,618,5
EW,2,intercept,0.00776527882196984,0.0029744379812887117,2.610670947190312,6180,618,5
EW,2,GP,0.00047686339076602637,0.0001707879271175495,2.7921375873237926,6180,618,5
EW,3,intercept,0.01544768290609241,0.002475499891177744,6.240227665186048,6180,618,5
EW,3,Dur,-0.0009224687246457042,0.00019480383910897248,-4.735372407777236,6180,618,5
EW,4,intercept,0.0001961703319991394,0.0031035051472958017,0.06320928198558647,12360,618,5
EW,4,BM,0.0010898652274292356,0.00026742865149808747,4.0753495234112185,12360,618,5
EW,4,GP,0.000760916951280295,0.00017619126626932543,4.318698465548001,12360,618,5
EW,5,intercept,0.010221474575084091,0.0031982306868839176,3.195977893965811,12360,618,5
EW,5,Dur,-0.0005995095189630097,0.000327465647732822,-1.830755449048345,12360,618,5
EW,5,BM,0.0006352132914244118,0.00039741290613792726,1.598371068512689,12360,618,5
EW,6,intercept,0.015733365435671123,0.003176775254753363,4.952621502616377,12360,618,5
EW,6,Dur,-0.0009665450441736133,0.00022758681552362617,-4.246928988174513,12360,618,5
EW,6,GP,-1.0437511700476432e-05,0.00022182241003267976,-0.04705345911145198,12360,618,5
EW,7,intercept,0.007423113844685018,0.006876975554190291,1.0794154764970705,18540,618,5
EW,7,Dur,-0.0005271574158467937,0.0005130079890234398,-1.0275812991729207,18540,618,5
EW,7,BM,0.0007117381770830087,0.0005479908114206054,1.298814071786909,18540,618,5
EW,7,GP,0.00035416110619494273,0.0003852619736921105,0.919273456450642,18540,618,5
